[
  {
    "frequency": 2,
    "overriddenMethods": [
      "Lorg/eclipse/jface/action/Action.run()V",
      "Lorg/eclipse/ui/actions/PartEventAction.partActivated(Lorg/eclipse/ui/IWorkbenchPart;)V"
    ]
  },
  {
    "frequency": 1,
    "overriddenMethods": [
      "Ljava/lang/Object.toString()Ljava/lang/String;",
      "Lorg/eclipse/jface/action/Action.getAccelerator()I",
      "Lorg/eclipse/jface/action/Action.run()V",
      "Lorg/eclipse/jface/action/Action.runWithEvent(Lorg/eclipse/swt/widgets/Event;)V",
      "Lorg/eclipse/jface/action/Action.setChecked(Z)V",
      "Lorg/eclipse/jface/action/Action.setHelpListener(Lorg/eclipse/swt/events/HelpListener;)V",
      "Lorg/eclipse/ui/actions/PartEventAction.partActivated(Lorg/eclipse/ui/IWorkbenchPart;)V",
      "Lorg/eclipse/ui/actions/PartEventAction.partClosed(Lorg/eclipse/ui/IWorkbenchPart;)V",
      "Lorg/eclipse/ui/actions/PartEventAction.partDeactivated(Lorg/eclipse/ui/IWorkbenchPart;)V"
    ]
  },
  {
    "frequency": 1,
    "overriddenMethods": [
      "Lorg/eclipse/jface/action/Action.getMenuCreator()Lorg/eclipse/jface/action/IMenuCreator;",
      "Lorg/eclipse/jface/action/Action.run()V",
      "Lorg/eclipse/ui/actions/PartEventAction.partActivated(Lorg/eclipse/ui/IWorkbenchPart;)V",
      "Lorg/eclipse/ui/actions/PartEventAction.partClosed(Lorg/eclipse/ui/IWorkbenchPart;)V",
      "Lorg/eclipse/ui/actions/PartEventAction.partDeactivated(Lorg/eclipse/ui/IWorkbenchPart;)V"
    ]
  },
  {
    "frequency": 1,
    "overriddenMethods": [
      "Lorg/eclipse/jface/action/Action.run()V"
    ]
  }
]