[
  {
    "frequency": 26,
    "overriddenMethods": []
  },
  {
    "frequency": 1,
    "overriddenMethods": [
      "Lorg/eclipse/jface/action/Action.setDisabledImageDescriptor(Lorg/eclipse/jface/resource/ImageDescriptor;)V",
      "Lorg/eclipse/jface/action/Action.setHoverImageDescriptor(Lorg/eclipse/jface/resource/ImageDescriptor;)V",
      "Lorg/eclipse/jface/action/Action.setImageDescriptor(Lorg/eclipse/jface/resource/ImageDescriptor;)V",
      "Lorg/eclipse/jface/action/Action.setText(Ljava/lang/String;)V",
      "Lorg/eclipse/jface/action/Action.setToolTipText(Ljava/lang/String;)V",
      "Lorg/eclipse/ui/actions/RetargetAction.propagateChange(Lorg/eclipse/jface/util/PropertyChangeEvent;)V",
      "Lorg/eclipse/ui/actions/RetargetAction.setActionHandler(Lorg/eclipse/jface/action/IAction;)V"
    ]
  },
  {
    "frequency": 1,
    "overriddenMethods": [
      "Lorg/eclipse/ui/actions/RetargetAction.dispose()V",
      "Lorg/eclipse/ui/actions/RetargetAction.run()V",
      "Lorg/eclipse/ui/actions/RetargetAction.runWithEvent(Lorg/eclipse/swt/widgets/Event;)V"
    ]
  },
  {
    "frequency": 1,
    "overriddenMethods": [
      "Lorg/eclipse/jface/action/Action.isEnabled()Z",
      "Lorg/eclipse/ui/actions/RetargetAction.run()V",
      "Lorg/eclipse/ui/actions/RetargetAction.runWithEvent(Lorg/eclipse/swt/widgets/Event;)V"
    ]
  },
  {
    "frequency": 1,
    "overriddenMethods": [
      "Lorg/eclipse/jface/action/Action.isEnabled()Z",
      "Lorg/eclipse/ui/actions/RetargetAction.dispose()V",
      "Lorg/eclipse/ui/actions/RetargetAction.run()V",
      "Lorg/eclipse/ui/actions/RetargetAction.runWithEvent(Lorg/eclipse/swt/widgets/Event;)V"
    ]
  },
  {
    "frequency": 1,
    "overriddenMethods": [
      "Lorg/eclipse/ui/actions/RetargetAction.propagateChange(Lorg/eclipse/jface/util/PropertyChangeEvent;)V"
    ]
  },
  {
    "frequency": 1,
    "overriddenMethods": [
      "Lorg/eclipse/ui/actions/RetargetAction.setActionHandler(Lorg/eclipse/jface/action/IAction;)V"
    ]
  }
]