[
  {
    "frequency": 47,
    "overriddenMethods": [
      "Lorg/eclipse/ui/part/EditorPart.doSave(Lorg/eclipse/core/runtime/IProgressMonitor;)V",
      "Lorg/eclipse/ui/part/EditorPart.doSaveAs()V",
      "Lorg/eclipse/ui/part/EditorPart.init(Lorg/eclipse/ui/IEditorSite;Lorg/eclipse/ui/IEditorInput;)V",
      "Lorg/eclipse/ui/part/EditorPart.isDirty()Z",
      "Lorg/eclipse/ui/part/EditorPart.isSaveAsAllowed()Z",
      "Lorg/eclipse/ui/part/WorkbenchPart.createPartControl(Lorg/eclipse/swt/widgets/Composite;)V",
      "Lorg/eclipse/ui/part/WorkbenchPart.setFocus()V"
    ]
  },
  {
    "frequency": 4,
    "overriddenMethods": [
      "Lorg/eclipse/ui/part/EditorPart.doSave(Lorg/eclipse/core/runtime/IProgressMonitor;)V",
      "Lorg/eclipse/ui/part/EditorPart.doSaveAs()V",
      "Lorg/eclipse/ui/part/EditorPart.init(Lorg/eclipse/ui/IEditorSite;Lorg/eclipse/ui/IEditorInput;)V",
      "Lorg/eclipse/ui/part/EditorPart.isDirty()Z",
      "Lorg/eclipse/ui/part/EditorPart.isSaveAsAllowed()Z",
      "Lorg/eclipse/ui/part/EditorPart.setInput(Lorg/eclipse/ui/IEditorInput;)V",
      "Lorg/eclipse/ui/part/WorkbenchPart.createPartControl(Lorg/eclipse/swt/widgets/Composite;)V",
      "Lorg/eclipse/ui/part/WorkbenchPart.dispose()V",
      "Lorg/eclipse/ui/part/WorkbenchPart.setFocus()V"
    ]
  },
  {
    "frequency": 1,
    "overriddenMethods": [
      "Lorg/eclipse/ui/part/EditorPart.doSave(Lorg/eclipse/core/runtime/IProgressMonitor;)V",
      "Lorg/eclipse/ui/part/EditorPart.doSaveAs()V",
      "Lorg/eclipse/ui/part/EditorPart.getEditorInput()Lorg/eclipse/ui/IEditorInput;",
      "Lorg/eclipse/ui/part/EditorPart.init(Lorg/eclipse/ui/IEditorSite;Lorg/eclipse/ui/IEditorInput;)V",
      "Lorg/eclipse/ui/part/EditorPart.isDirty()Z",
      "Lorg/eclipse/ui/part/EditorPart.isSaveAsAllowed()Z",
      "Lorg/eclipse/ui/part/WorkbenchPart.createPartControl(Lorg/eclipse/swt/widgets/Composite;)V",
      "Lorg/eclipse/ui/part/WorkbenchPart.setFocus()V"
    ]
  },
  {
    "frequency": 1,
    "overriddenMethods": [
      "Lorg/eclipse/ui/part/EditorPart.doSave(Lorg/eclipse/core/runtime/IProgressMonitor;)V",
      "Lorg/eclipse/ui/part/EditorPart.doSaveAs()V",
      "Lorg/eclipse/ui/part/EditorPart.init(Lorg/eclipse/ui/IEditorSite;Lorg/eclipse/ui/IEditorInput;)V",
      "Lorg/eclipse/ui/part/EditorPart.isDirty()Z",
      "Lorg/eclipse/ui/part/EditorPart.isSaveAsAllowed()Z",
      "Lorg/eclipse/ui/part/WorkbenchPart.createPartControl(Lorg/eclipse/swt/widgets/Composite;)V",
      "Lorg/eclipse/ui/part/WorkbenchPart.dispose()V",
      "Lorg/eclipse/ui/part/WorkbenchPart.getTitleImage()Lorg/eclipse/swt/graphics/Image;",
      "Lorg/eclipse/ui/part/WorkbenchPart.setFocus()V"
    ]
  },
  {
    "frequency": 1,
    "overriddenMethods": [
      "Lorg/eclipse/ui/part/EditorPart.doSave(Lorg/eclipse/core/runtime/IProgressMonitor;)V",
      "Lorg/eclipse/ui/part/EditorPart.doSaveAs()V",
      "Lorg/eclipse/ui/part/EditorPart.init(Lorg/eclipse/ui/IEditorSite;Lorg/eclipse/ui/IEditorInput;)V",
      "Lorg/eclipse/ui/part/EditorPart.isDirty()Z",
      "Lorg/eclipse/ui/part/EditorPart.isSaveAsAllowed()Z",
      "Lorg/eclipse/ui/part/EditorPart.setInitializationData(Lorg/eclipse/core/runtime/IConfigurationElement;Ljava/lang/String;Ljava/lang/Object;)V",
      "Lorg/eclipse/ui/part/WorkbenchPart.createPartControl(Lorg/eclipse/swt/widgets/Composite;)V",
      "Lorg/eclipse/ui/part/WorkbenchPart.getAdapter(Ljava/lang/Class;)Ljava/lang/Object;",
      "Lorg/eclipse/ui/part/WorkbenchPart.setFocus()V"
    ]
  },
  {
    "frequency": 3,
    "overriddenMethods": [
      "Lorg/eclipse/ui/part/EditorPart.doSave(Lorg/eclipse/core/runtime/IProgressMonitor;)V",
      "Lorg/eclipse/ui/part/EditorPart.doSaveAs()V",
      "Lorg/eclipse/ui/part/EditorPart.init(Lorg/eclipse/ui/IEditorSite;Lorg/eclipse/ui/IEditorInput;)V",
      "Lorg/eclipse/ui/part/EditorPart.isDirty()Z",
      "Lorg/eclipse/ui/part/EditorPart.isSaveAsAllowed()Z",
      "Lorg/eclipse/ui/part/EditorPart.setInput(Lorg/eclipse/ui/IEditorInput;)V",
      "Lorg/eclipse/ui/part/WorkbenchPart.createPartControl(Lorg/eclipse/swt/widgets/Composite;)V",
      "Lorg/eclipse/ui/part/WorkbenchPart.dispose()V",
      "Lorg/eclipse/ui/part/WorkbenchPart.getAdapter(Ljava/lang/Class;)Ljava/lang/Object;",
      "Lorg/eclipse/ui/part/WorkbenchPart.setFocus()V"
    ]
  },
  {
    "frequency": 1,
    "overriddenMethods": [
      "Lorg/eclipse/ui/part/EditorPart.doSave(Lorg/eclipse/core/runtime/IProgressMonitor;)V",
      "Lorg/eclipse/ui/part/EditorPart.doSaveAs()V",
      "Lorg/eclipse/ui/part/EditorPart.init(Lorg/eclipse/ui/IEditorSite;Lorg/eclipse/ui/IEditorInput;)V",
      "Lorg/eclipse/ui/part/EditorPart.isDirty()Z",
      "Lorg/eclipse/ui/part/EditorPart.isSaveAsAllowed()Z",
      "Lorg/eclipse/ui/part/WorkbenchPart.dispose()V",
      "Lorg/eclipse/ui/part/WorkbenchPart.setFocus()V"
    ]
  },
  {
    "frequency": 1,
    "overriddenMethods": [
      "Lorg/eclipse/ui/part/EditorPart.doSave(Lorg/eclipse/core/runtime/IProgressMonitor;)V",
      "Lorg/eclipse/ui/part/EditorPart.doSaveAs()V",
      "Lorg/eclipse/ui/part/EditorPart.getEditorInput()Lorg/eclipse/ui/IEditorInput;",
      "Lorg/eclipse/ui/part/EditorPart.getEditorSite()Lorg/eclipse/ui/IEditorSite;",
      "Lorg/eclipse/ui/part/EditorPart.getTitleToolTip()Ljava/lang/String;",
      "Lorg/eclipse/ui/part/EditorPart.init(Lorg/eclipse/ui/IEditorSite;Lorg/eclipse/ui/IEditorInput;)V",
      "Lorg/eclipse/ui/part/EditorPart.isDirty()Z",
      "Lorg/eclipse/ui/part/EditorPart.isSaveAsAllowed()Z",
      "Lorg/eclipse/ui/part/EditorPart.isSaveOnCloseNeeded()Z",
      "Lorg/eclipse/ui/part/EditorPart.setInput(Lorg/eclipse/ui/IEditorInput;)V",
      "Lorg/eclipse/ui/part/WorkbenchPart.addPropertyListener(Lorg/eclipse/ui/IPropertyListener;)V",
      "Lorg/eclipse/ui/part/WorkbenchPart.createPartControl(Lorg/eclipse/swt/widgets/Composite;)V",
      "Lorg/eclipse/ui/part/WorkbenchPart.dispose()V",
      "Lorg/eclipse/ui/part/WorkbenchPart.getAdapter(Ljava/lang/Class;)Ljava/lang/Object;",
      "Lorg/eclipse/ui/part/WorkbenchPart.getSite()Lorg/eclipse/ui/IWorkbenchPartSite;",
      "Lorg/eclipse/ui/part/WorkbenchPart.getTitle()Ljava/lang/String;",
      "Lorg/eclipse/ui/part/WorkbenchPart.getTitleImage()Lorg/eclipse/swt/graphics/Image;",
      "Lorg/eclipse/ui/part/WorkbenchPart.removePropertyListener(Lorg/eclipse/ui/IPropertyListener;)V",
      "Lorg/eclipse/ui/part/WorkbenchPart.setFocus()V"
    ]
  },
  {
    "frequency": 1,
    "overriddenMethods": [
      "Lorg/eclipse/ui/part/EditorPart.doSave(Lorg/eclipse/core/runtime/IProgressMonitor;)V",
      "Lorg/eclipse/ui/part/EditorPart.doSaveAs()V",
      "Lorg/eclipse/ui/part/EditorPart.init(Lorg/eclipse/ui/IEditorSite;Lorg/eclipse/ui/IEditorInput;)V",
      "Lorg/eclipse/ui/part/EditorPart.isDirty()Z",
      "Lorg/eclipse/ui/part/EditorPart.isSaveAsAllowed()Z",
      "Lorg/eclipse/ui/part/EditorPart.isSaveOnCloseNeeded()Z",
      "Lorg/eclipse/ui/part/EditorPart.setInput(Lorg/eclipse/ui/IEditorInput;)V",
      "Lorg/eclipse/ui/part/WorkbenchPart.createPartControl(Lorg/eclipse/swt/widgets/Composite;)V",
      "Lorg/eclipse/ui/part/WorkbenchPart.dispose()V",
      "Lorg/eclipse/ui/part/WorkbenchPart.firePropertyChange(I)V",
      "Lorg/eclipse/ui/part/WorkbenchPart.getAdapter(Ljava/lang/Class;)Ljava/lang/Object;",
      "Lorg/eclipse/ui/part/WorkbenchPart.setFocus()V",
      "Lorg/eclipse/ui/part/WorkbenchPart.setSite(Lorg/eclipse/ui/IWorkbenchPartSite;)V"
    ]
  },
  {
    "frequency": 2,
    "overriddenMethods": [
      "Lorg/eclipse/ui/part/EditorPart.doSave(Lorg/eclipse/core/runtime/IProgressMonitor;)V",
      "Lorg/eclipse/ui/part/EditorPart.doSaveAs()V",
      "Lorg/eclipse/ui/part/EditorPart.init(Lorg/eclipse/ui/IEditorSite;Lorg/eclipse/ui/IEditorInput;)V",
      "Lorg/eclipse/ui/part/EditorPart.isDirty()Z",
      "Lorg/eclipse/ui/part/EditorPart.isSaveAsAllowed()Z",
      "Lorg/eclipse/ui/part/WorkbenchPart.createPartControl(Lorg/eclipse/swt/widgets/Composite;)V",
      "Lorg/eclipse/ui/part/WorkbenchPart.dispose()V",
      "Lorg/eclipse/ui/part/WorkbenchPart.firePropertyChange(I)V",
      "Lorg/eclipse/ui/part/WorkbenchPart.getAdapter(Ljava/lang/Class;)Ljava/lang/Object;",
      "Lorg/eclipse/ui/part/WorkbenchPart.setFocus()V"
    ]
  },
  {
    "frequency": 2,
    "overriddenMethods": [
      "Lorg/eclipse/ui/part/EditorPart.doSave(Lorg/eclipse/core/runtime/IProgressMonitor;)V",
      "Lorg/eclipse/ui/part/EditorPart.doSaveAs()V",
      "Lorg/eclipse/ui/part/EditorPart.init(Lorg/eclipse/ui/IEditorSite;Lorg/eclipse/ui/IEditorInput;)V",
      "Lorg/eclipse/ui/part/EditorPart.isDirty()Z",
      "Lorg/eclipse/ui/part/EditorPart.isSaveAsAllowed()Z",
      "Lorg/eclipse/ui/part/EditorPart.setPartName(Ljava/lang/String;)V",
      "Lorg/eclipse/ui/part/WorkbenchPart.createPartControl(Lorg/eclipse/swt/widgets/Composite;)V",
      "Lorg/eclipse/ui/part/WorkbenchPart.dispose()V",
      "Lorg/eclipse/ui/part/WorkbenchPart.firePropertyChange(I)V",
      "Lorg/eclipse/ui/part/WorkbenchPart.getAdapter(Ljava/lang/Class;)Ljava/lang/Object;",
      "Lorg/eclipse/ui/part/WorkbenchPart.setFocus()V"
    ]
  },
  {
    "frequency": 2,
    "overriddenMethods": [
      "Lorg/eclipse/ui/part/EditorPart.doSave(Lorg/eclipse/core/runtime/IProgressMonitor;)V",
      "Lorg/eclipse/ui/part/EditorPart.doSaveAs()V",
      "Lorg/eclipse/ui/part/EditorPart.init(Lorg/eclipse/ui/IEditorSite;Lorg/eclipse/ui/IEditorInput;)V",
      "Lorg/eclipse/ui/part/EditorPart.isDirty()Z",
      "Lorg/eclipse/ui/part/EditorPart.isSaveAsAllowed()Z",
      "Lorg/eclipse/ui/part/EditorPart.setPartName(Ljava/lang/String;)V",
      "Lorg/eclipse/ui/part/WorkbenchPart.createPartControl(Lorg/eclipse/swt/widgets/Composite;)V",
      "Lorg/eclipse/ui/part/WorkbenchPart.dispose()V",
      "Lorg/eclipse/ui/part/WorkbenchPart.setFocus()V"
    ]
  },
  {
    "frequency": 1,
    "overriddenMethods": [
      "Lorg/eclipse/ui/part/EditorPart.doSave(Lorg/eclipse/core/runtime/IProgressMonitor;)V",
      "Lorg/eclipse/ui/part/EditorPart.doSaveAs()V",
      "Lorg/eclipse/ui/part/EditorPart.init(Lorg/eclipse/ui/IEditorSite;Lorg/eclipse/ui/IEditorInput;)V",
      "Lorg/eclipse/ui/part/EditorPart.isDirty()Z",
      "Lorg/eclipse/ui/part/EditorPart.isSaveAsAllowed()Z",
      "Lorg/eclipse/ui/part/WorkbenchPart.createPartControl(Lorg/eclipse/swt/widgets/Composite;)V",
      "Lorg/eclipse/ui/part/WorkbenchPart.getAdapter(Ljava/lang/Class;)Ljava/lang/Object;",
      "Lorg/eclipse/ui/part/WorkbenchPart.setFocus()V"
    ]
  },
  {
    "frequency": 1,
    "overriddenMethods": [
      "Lorg/eclipse/ui/part/EditorPart.doSave(Lorg/eclipse/core/runtime/IProgressMonitor;)V",
      "Lorg/eclipse/ui/part/EditorPart.doSaveAs()V",
      "Lorg/eclipse/ui/part/EditorPart.init(Lorg/eclipse/ui/IEditorSite;Lorg/eclipse/ui/IEditorInput;)V",
      "Lorg/eclipse/ui/part/EditorPart.isDirty()Z",
      "Lorg/eclipse/ui/part/EditorPart.isSaveAsAllowed()Z",
      "Lorg/eclipse/ui/part/EditorPart.isSaveOnCloseNeeded()Z",
      "Lorg/eclipse/ui/part/EditorPart.setInput(Lorg/eclipse/ui/IEditorInput;)V",
      "Lorg/eclipse/ui/part/WorkbenchPart.createPartControl(Lorg/eclipse/swt/widgets/Composite;)V",
      "Lorg/eclipse/ui/part/WorkbenchPart.dispose()V",
      "Lorg/eclipse/ui/part/WorkbenchPart.getAdapter(Ljava/lang/Class;)Ljava/lang/Object;",
      "Lorg/eclipse/ui/part/WorkbenchPart.setFocus()V"
    ]
  },
  {
    "frequency": 1,
    "overriddenMethods": [
      "Lorg/eclipse/ui/part/EditorPart.doSave(Lorg/eclipse/core/runtime/IProgressMonitor;)V",
      "Lorg/eclipse/ui/part/EditorPart.doSaveAs()V",
      "Lorg/eclipse/ui/part/EditorPart.init(Lorg/eclipse/ui/IEditorSite;Lorg/eclipse/ui/IEditorInput;)V",
      "Lorg/eclipse/ui/part/EditorPart.isDirty()Z",
      "Lorg/eclipse/ui/part/EditorPart.isSaveAsAllowed()Z",
      "Lorg/eclipse/ui/part/EditorPart.setInput(Lorg/eclipse/ui/IEditorInput;)V",
      "Lorg/eclipse/ui/part/WorkbenchPart.createPartControl(Lorg/eclipse/swt/widgets/Composite;)V",
      "Lorg/eclipse/ui/part/WorkbenchPart.setFocus()V"
    ]
  },
  {
    "frequency": 1,
    "overriddenMethods": [
      "Lorg/eclipse/ui/part/EditorPart.doSave(Lorg/eclipse/core/runtime/IProgressMonitor;)V",
      "Lorg/eclipse/ui/part/EditorPart.doSaveAs()V",
      "Lorg/eclipse/ui/part/EditorPart.getEditorInput()Lorg/eclipse/ui/IEditorInput;",
      "Lorg/eclipse/ui/part/EditorPart.getEditorSite()Lorg/eclipse/ui/IEditorSite;",
      "Lorg/eclipse/ui/part/EditorPart.init(Lorg/eclipse/ui/IEditorSite;Lorg/eclipse/ui/IEditorInput;)V",
      "Lorg/eclipse/ui/part/EditorPart.isDirty()Z",
      "Lorg/eclipse/ui/part/EditorPart.isSaveAsAllowed()Z",
      "Lorg/eclipse/ui/part/WorkbenchPart.createPartControl(Lorg/eclipse/swt/widgets/Composite;)V",
      "Lorg/eclipse/ui/part/WorkbenchPart.dispose()V",
      "Lorg/eclipse/ui/part/WorkbenchPart.getAdapter(Ljava/lang/Class;)Ljava/lang/Object;",
      "Lorg/eclipse/ui/part/WorkbenchPart.getSite()Lorg/eclipse/ui/IWorkbenchPartSite;",
      "Lorg/eclipse/ui/part/WorkbenchPart.getTitle()Ljava/lang/String;",
      "Lorg/eclipse/ui/part/WorkbenchPart.setFocus()V"
    ]
  },
  {
    "frequency": 1,
    "overriddenMethods": [
      "Lorg/eclipse/ui/part/EditorPart.doSave(Lorg/eclipse/core/runtime/IProgressMonitor;)V",
      "Lorg/eclipse/ui/part/EditorPart.doSaveAs()V",
      "Lorg/eclipse/ui/part/EditorPart.init(Lorg/eclipse/ui/IEditorSite;Lorg/eclipse/ui/IEditorInput;)V",
      "Lorg/eclipse/ui/part/EditorPart.isDirty()Z",
      "Lorg/eclipse/ui/part/EditorPart.isSaveAsAllowed()Z",
      "Lorg/eclipse/ui/part/EditorPart.isSaveOnCloseNeeded()Z",
      "Lorg/eclipse/ui/part/WorkbenchPart.createPartControl(Lorg/eclipse/swt/widgets/Composite;)V",
      "Lorg/eclipse/ui/part/WorkbenchPart.dispose()V",
      "Lorg/eclipse/ui/part/WorkbenchPart.getAdapter(Ljava/lang/Class;)Ljava/lang/Object;",
      "Lorg/eclipse/ui/part/WorkbenchPart.setFocus()V"
    ]
  },
  {
    "frequency": 1,
    "overriddenMethods": [
      "Lorg/eclipse/ui/part/EditorPart.doSave(Lorg/eclipse/core/runtime/IProgressMonitor;)V",
      "Lorg/eclipse/ui/part/EditorPart.doSaveAs()V",
      "Lorg/eclipse/ui/part/EditorPart.getEditorInput()Lorg/eclipse/ui/IEditorInput;",
      "Lorg/eclipse/ui/part/EditorPart.init(Lorg/eclipse/ui/IEditorSite;Lorg/eclipse/ui/IEditorInput;)V",
      "Lorg/eclipse/ui/part/EditorPart.isDirty()Z",
      "Lorg/eclipse/ui/part/EditorPart.isSaveAsAllowed()Z",
      "Lorg/eclipse/ui/part/WorkbenchPart.createPartControl(Lorg/eclipse/swt/widgets/Composite;)V",
      "Lorg/eclipse/ui/part/WorkbenchPart.dispose()V",
      "Lorg/eclipse/ui/part/WorkbenchPart.setFocus()V"
    ]
  },
  {
    "frequency": 29,
    "overriddenMethods": [
      "Lorg/eclipse/ui/part/EditorPart.doSave(Lorg/eclipse/core/runtime/IProgressMonitor;)V",
      "Lorg/eclipse/ui/part/EditorPart.doSaveAs()V",
      "Lorg/eclipse/ui/part/EditorPart.init(Lorg/eclipse/ui/IEditorSite;Lorg/eclipse/ui/IEditorInput;)V",
      "Lorg/eclipse/ui/part/EditorPart.isDirty()Z",
      "Lorg/eclipse/ui/part/EditorPart.isSaveAsAllowed()Z",
      "Lorg/eclipse/ui/part/WorkbenchPart.createPartControl(Lorg/eclipse/swt/widgets/Composite;)V",
      "Lorg/eclipse/ui/part/WorkbenchPart.dispose()V",
      "Lorg/eclipse/ui/part/WorkbenchPart.setFocus()V"
    ]
  },
  {
    "frequency": 1,
    "overriddenMethods": [
      "Lorg/eclipse/ui/part/EditorPart.doSave(Lorg/eclipse/core/runtime/IProgressMonitor;)V",
      "Lorg/eclipse/ui/part/EditorPart.doSaveAs()V",
      "Lorg/eclipse/ui/part/EditorPart.init(Lorg/eclipse/ui/IEditorSite;Lorg/eclipse/ui/IEditorInput;)V",
      "Lorg/eclipse/ui/part/EditorPart.isSaveAsAllowed()Z",
      "Lorg/eclipse/ui/part/WorkbenchPart.dispose()V",
      "Lorg/eclipse/ui/part/WorkbenchPart.setFocus()V"
    ]
  },
  {
    "frequency": 1,
    "overriddenMethods": [
      "Lorg/eclipse/ui/part/EditorPart.doSave(Lorg/eclipse/core/runtime/IProgressMonitor;)V",
      "Lorg/eclipse/ui/part/EditorPart.doSaveAs()V",
      "Lorg/eclipse/ui/part/EditorPart.getTitleToolTip()Ljava/lang/String;",
      "Lorg/eclipse/ui/part/EditorPart.init(Lorg/eclipse/ui/IEditorSite;Lorg/eclipse/ui/IEditorInput;)V",
      "Lorg/eclipse/ui/part/EditorPart.isDirty()Z",
      "Lorg/eclipse/ui/part/EditorPart.isSaveAsAllowed()Z",
      "Lorg/eclipse/ui/part/EditorPart.isSaveOnCloseNeeded()Z",
      "Lorg/eclipse/ui/part/WorkbenchPart.addPropertyListener(Lorg/eclipse/ui/IPropertyListener;)V",
      "Lorg/eclipse/ui/part/WorkbenchPart.createPartControl(Lorg/eclipse/swt/widgets/Composite;)V",
      "Lorg/eclipse/ui/part/WorkbenchPart.dispose()V",
      "Lorg/eclipse/ui/part/WorkbenchPart.getAdapter(Ljava/lang/Class;)Ljava/lang/Object;",
      "Lorg/eclipse/ui/part/WorkbenchPart.getTitleImage()Lorg/eclipse/swt/graphics/Image;",
      "Lorg/eclipse/ui/part/WorkbenchPart.removePropertyListener(Lorg/eclipse/ui/IPropertyListener;)V",
      "Lorg/eclipse/ui/part/WorkbenchPart.setFocus()V"
    ]
  },
  {
    "frequency": 1,
    "overriddenMethods": [
      "Lorg/eclipse/ui/part/EditorPart.doSave(Lorg/eclipse/core/runtime/IProgressMonitor;)V",
      "Lorg/eclipse/ui/part/EditorPart.doSaveAs()V",
      "Lorg/eclipse/ui/part/EditorPart.init(Lorg/eclipse/ui/IEditorSite;Lorg/eclipse/ui/IEditorInput;)V",
      "Lorg/eclipse/ui/part/EditorPart.isDirty()Z",
      "Lorg/eclipse/ui/part/EditorPart.isSaveAsAllowed()Z",
      "Lorg/eclipse/ui/part/WorkbenchPart.createPartControl(Lorg/eclipse/swt/widgets/Composite;)V",
      "Lorg/eclipse/ui/part/WorkbenchPart.firePropertyChange(I)V",
      "Lorg/eclipse/ui/part/WorkbenchPart.getAdapter(Ljava/lang/Class;)Ljava/lang/Object;",
      "Lorg/eclipse/ui/part/WorkbenchPart.setFocus()V"
    ]
  },
  {
    "frequency": 1,
    "overriddenMethods": [
      "Lorg/eclipse/ui/part/EditorPart.doSave(Lorg/eclipse/core/runtime/IProgressMonitor;)V",
      "Lorg/eclipse/ui/part/EditorPart.doSaveAs()V",
      "Lorg/eclipse/ui/part/EditorPart.init(Lorg/eclipse/ui/IEditorSite;Lorg/eclipse/ui/IEditorInput;)V",
      "Lorg/eclipse/ui/part/EditorPart.isDirty()Z",
      "Lorg/eclipse/ui/part/EditorPart.isSaveAsAllowed()Z",
      "Lorg/eclipse/ui/part/EditorPart.isSaveOnCloseNeeded()Z",
      "Lorg/eclipse/ui/part/EditorPart.setInputWithNotify(Lorg/eclipse/ui/IEditorInput;)V",
      "Lorg/eclipse/ui/part/WorkbenchPart.createPartControl(Lorg/eclipse/swt/widgets/Composite;)V",
      "Lorg/eclipse/ui/part/WorkbenchPart.dispose()V",
      "Lorg/eclipse/ui/part/WorkbenchPart.setFocus()V"
    ]
  },
  {
    "frequency": 1,
    "overriddenMethods": [
      "Ljava/lang/Object.equals(Ljava/lang/Object;)Z",
      "Lorg/eclipse/ui/part/EditorPart.doSave(Lorg/eclipse/core/runtime/IProgressMonitor;)V",
      "Lorg/eclipse/ui/part/EditorPart.doSaveAs()V",
      "Lorg/eclipse/ui/part/EditorPart.getEditorInput()Lorg/eclipse/ui/IEditorInput;",
      "Lorg/eclipse/ui/part/EditorPart.getEditorSite()Lorg/eclipse/ui/IEditorSite;",
      "Lorg/eclipse/ui/part/EditorPart.getTitleToolTip()Ljava/lang/String;",
      "Lorg/eclipse/ui/part/EditorPart.init(Lorg/eclipse/ui/IEditorSite;Lorg/eclipse/ui/IEditorInput;)V",
      "Lorg/eclipse/ui/part/EditorPart.isDirty()Z",
      "Lorg/eclipse/ui/part/EditorPart.isSaveAsAllowed()Z",
      "Lorg/eclipse/ui/part/EditorPart.isSaveOnCloseNeeded()Z",
      "Lorg/eclipse/ui/part/EditorPart.setInput(Lorg/eclipse/ui/IEditorInput;)V",
      "Lorg/eclipse/ui/part/EditorPart.setPartName(Ljava/lang/String;)V",
      "Lorg/eclipse/ui/part/WorkbenchPart.createPartControl(Lorg/eclipse/swt/widgets/Composite;)V",
      "Lorg/eclipse/ui/part/WorkbenchPart.dispose()V",
      "Lorg/eclipse/ui/part/WorkbenchPart.getAdapter(Ljava/lang/Class;)Ljava/lang/Object;",
      "Lorg/eclipse/ui/part/WorkbenchPart.getSite()Lorg/eclipse/ui/IWorkbenchPartSite;",
      "Lorg/eclipse/ui/part/WorkbenchPart.getTitle()Ljava/lang/String;",
      "Lorg/eclipse/ui/part/WorkbenchPart.setFocus()V"
    ]
  },
  {
    "frequency": 14,
    "overriddenMethods": [
      "Lorg/eclipse/ui/part/EditorPart.doSave(Lorg/eclipse/core/runtime/IProgressMonitor;)V",
      "Lorg/eclipse/ui/part/EditorPart.doSaveAs()V",
      "Lorg/eclipse/ui/part/EditorPart.init(Lorg/eclipse/ui/IEditorSite;Lorg/eclipse/ui/IEditorInput;)V",
      "Lorg/eclipse/ui/part/EditorPart.isDirty()Z",
      "Lorg/eclipse/ui/part/EditorPart.isSaveAsAllowed()Z",
      "Lorg/eclipse/ui/part/WorkbenchPart.createPartControl(Lorg/eclipse/swt/widgets/Composite;)V",
      "Lorg/eclipse/ui/part/WorkbenchPart.dispose()V",
      "Lorg/eclipse/ui/part/WorkbenchPart.getAdapter(Ljava/lang/Class;)Ljava/lang/Object;",
      "Lorg/eclipse/ui/part/WorkbenchPart.setFocus()V"
    ]
  },
  {
    "frequency": 1,
    "overriddenMethods": [
      "Ljava/lang/Object.toString()Ljava/lang/String;",
      "Lorg/eclipse/ui/part/EditorPart.doSave(Lorg/eclipse/core/runtime/IProgressMonitor;)V",
      "Lorg/eclipse/ui/part/EditorPart.doSaveAs()V",
      "Lorg/eclipse/ui/part/EditorPart.getTitleToolTip()Ljava/lang/String;",
      "Lorg/eclipse/ui/part/EditorPart.init(Lorg/eclipse/ui/IEditorSite;Lorg/eclipse/ui/IEditorInput;)V",
      "Lorg/eclipse/ui/part/EditorPart.isDirty()Z",
      "Lorg/eclipse/ui/part/EditorPart.isSaveAsAllowed()Z",
      "Lorg/eclipse/ui/part/WorkbenchPart.createPartControl(Lorg/eclipse/swt/widgets/Composite;)V",
      "Lorg/eclipse/ui/part/WorkbenchPart.dispose()V",
      "Lorg/eclipse/ui/part/WorkbenchPart.getTitle()Ljava/lang/String;",
      "Lorg/eclipse/ui/part/WorkbenchPart.setFocus()V"
    ]
  },
  {
    "frequency": 1,
    "overriddenMethods": [
      "Lorg/eclipse/ui/part/EditorPart.doSave(Lorg/eclipse/core/runtime/IProgressMonitor;)V",
      "Lorg/eclipse/ui/part/EditorPart.doSaveAs()V",
      "Lorg/eclipse/ui/part/EditorPart.init(Lorg/eclipse/ui/IEditorSite;Lorg/eclipse/ui/IEditorInput;)V",
      "Lorg/eclipse/ui/part/EditorPart.isDirty()Z",
      "Lorg/eclipse/ui/part/EditorPart.isSaveAsAllowed()Z",
      "Lorg/eclipse/ui/part/WorkbenchPart.createPartControl(Lorg/eclipse/swt/widgets/Composite;)V",
      "Lorg/eclipse/ui/part/WorkbenchPart.firePropertyChange(I)V",
      "Lorg/eclipse/ui/part/WorkbenchPart.setFocus()V"
    ]
  }
]