[
  {
    "frequency": 2,
    "overriddenMethods": []
  },
  {
    "frequency": 1,
    "overriddenMethods": [
      "Lorg/eclipse/ui/part/EditorPart.doSave(Lorg/eclipse/core/runtime/IProgressMonitor;)V",
      "Lorg/eclipse/ui/part/EditorPart.doSaveAs()V",
      "Lorg/eclipse/ui/part/EditorPart.getTitleToolTip()Ljava/lang/String;",
      "Lorg/eclipse/ui/part/EditorPart.isSaveAsAllowed()Z",
      "Lorg/eclipse/ui/part/MultiPageEditorPart.createPages()V",
      "Lorg/eclipse/ui/part/MultiPageEditorPart.dispose()V",
      "Lorg/eclipse/ui/part/MultiPageEditorPart.init(Lorg/eclipse/ui/IEditorSite;Lorg/eclipse/ui/IEditorInput;)V",
      "Lorg/eclipse/ui/part/MultiPageEditorPart.isDirty()Z",
      "Lorg/eclipse/ui/part/MultiPageEditorPart.pageChange(I)V",
      "Lorg/eclipse/ui/part/MultiPageEditorPart.setFocus()V",
      "Lorg/eclipse/ui/part/WorkbenchPart.firePropertyChange(I)V",
      "Lorg/eclipse/ui/part/WorkbenchPart.getOrientation()I"
    ]
  },
  {
    "frequency": 1,
    "overriddenMethods": [
      "Lorg/eclipse/ui/part/EditorPart.doSave(Lorg/eclipse/core/runtime/IProgressMonitor;)V",
      "Lorg/eclipse/ui/part/EditorPart.doSaveAs()V",
      "Lorg/eclipse/ui/part/EditorPart.isSaveAsAllowed()Z",
      "Lorg/eclipse/ui/part/EditorPart.isSaveOnCloseNeeded()Z",
      "Lorg/eclipse/ui/part/EditorPart.setInitializationData(Lorg/eclipse/core/runtime/IConfigurationElement;Ljava/lang/String;Ljava/lang/Object;)V",
      "Lorg/eclipse/ui/part/EditorPart.setInput(Lorg/eclipse/ui/IEditorInput;)V",
      "Lorg/eclipse/ui/part/MultiPageEditorPart.createPages()V",
      "Lorg/eclipse/ui/part/MultiPageEditorPart.createSite(Lorg/eclipse/ui/IEditorPart;)Lorg/eclipse/ui/IEditorSite;",
      "Lorg/eclipse/ui/part/MultiPageEditorPart.dispose()V",
      "Lorg/eclipse/ui/part/MultiPageEditorPart.getAdapter(Ljava/lang/Class;)Ljava/lang/Object;",
      "Lorg/eclipse/ui/part/MultiPageEditorPart.init(Lorg/eclipse/ui/IEditorSite;Lorg/eclipse/ui/IEditorInput;)V",
      "Lorg/eclipse/ui/part/MultiPageEditorPart.pageChange(I)V",
      "Lorg/eclipse/ui/part/MultiPageEditorPart.setFocus()V",
      "Lorg/eclipse/ui/part/WorkbenchPart.getTitle()Ljava/lang/String;"
    ]
  },
  {
    "frequency": 2,
    "overriddenMethods": [
      "Lorg/eclipse/ui/part/EditorPart.doSave(Lorg/eclipse/core/runtime/IProgressMonitor;)V",
      "Lorg/eclipse/ui/part/EditorPart.doSaveAs()V",
      "Lorg/eclipse/ui/part/EditorPart.isSaveAsAllowed()Z",
      "Lorg/eclipse/ui/part/MultiPageEditorPart.createPages()V",
      "Lorg/eclipse/ui/part/MultiPageEditorPart.dispose()V",
      "Lorg/eclipse/ui/part/MultiPageEditorPart.init(Lorg/eclipse/ui/IEditorSite;Lorg/eclipse/ui/IEditorInput;)V"
    ]
  },
  {
    "frequency": 2,
    "overriddenMethods": [
      "Lorg/eclipse/ui/part/EditorPart.doSave(Lorg/eclipse/core/runtime/IProgressMonitor;)V",
      "Lorg/eclipse/ui/part/EditorPart.doSaveAs()V",
      "Lorg/eclipse/ui/part/EditorPart.isSaveAsAllowed()Z",
      "Lorg/eclipse/ui/part/MultiPageEditorPart.createPages()V",
      "Lorg/eclipse/ui/part/MultiPageEditorPart.dispose()V",
      "Lorg/eclipse/ui/part/MultiPageEditorPart.init(Lorg/eclipse/ui/IEditorSite;Lorg/eclipse/ui/IEditorInput;)V",
      "Lorg/eclipse/ui/part/MultiPageEditorPart.isDirty()Z",
      "Lorg/eclipse/ui/part/MultiPageEditorPart.pageChange(I)V",
      "Lorg/eclipse/ui/part/MultiPageEditorPart.setFocus()V"
    ]
  },
  {
    "frequency": 1,
    "overriddenMethods": [
      "Lorg/eclipse/ui/part/EditorPart.doSave(Lorg/eclipse/core/runtime/IProgressMonitor;)V",
      "Lorg/eclipse/ui/part/EditorPart.doSaveAs()V",
      "Lorg/eclipse/ui/part/EditorPart.isSaveAsAllowed()Z",
      "Lorg/eclipse/ui/part/MultiPageEditorPart.createPages()V",
      "Lorg/eclipse/ui/part/MultiPageEditorPart.dispose()V",
      "Lorg/eclipse/ui/part/MultiPageEditorPart.getAdapter(Ljava/lang/Class;)Ljava/lang/Object;",
      "Lorg/eclipse/ui/part/MultiPageEditorPart.init(Lorg/eclipse/ui/IEditorSite;Lorg/eclipse/ui/IEditorInput;)V",
      "Lorg/eclipse/ui/part/MultiPageEditorPart.isDirty()Z",
      "Lorg/eclipse/ui/part/MultiPageEditorPart.setFocus()V",
      "Lorg/eclipse/ui/part/WorkbenchPart.firePropertyChange(I)V"
    ]
  },
  {
    "frequency": 1,
    "overriddenMethods": [
      "Lorg/eclipse/ui/part/EditorPart.doSave(Lorg/eclipse/core/runtime/IProgressMonitor;)V",
      "Lorg/eclipse/ui/part/EditorPart.doSaveAs()V",
      "Lorg/eclipse/ui/part/EditorPart.isSaveAsAllowed()Z",
      "Lorg/eclipse/ui/part/MultiPageEditorPart.createPages()V",
      "Lorg/eclipse/ui/part/MultiPageEditorPart.getAdapter(Ljava/lang/Class;)Ljava/lang/Object;"
    ]
  },
  {
    "frequency": 1,
    "overriddenMethods": [
      "Lorg/eclipse/ui/part/EditorPart.doSave(Lorg/eclipse/core/runtime/IProgressMonitor;)V",
      "Lorg/eclipse/ui/part/EditorPart.doSaveAs()V",
      "Lorg/eclipse/ui/part/EditorPart.isSaveAsAllowed()Z",
      "Lorg/eclipse/ui/part/MultiPageEditorPart.createPages()V",
      "Lorg/eclipse/ui/part/MultiPageEditorPart.getEditor(I)Lorg/eclipse/ui/IEditorPart;",
      "Lorg/eclipse/ui/part/MultiPageEditorPart.pageChange(I)V"
    ]
  },
  {
    "frequency": 1,
    "overriddenMethods": [
      "Lorg/eclipse/ui/part/EditorPart.doSave(Lorg/eclipse/core/runtime/IProgressMonitor;)V",
      "Lorg/eclipse/ui/part/EditorPart.doSaveAs()V",
      "Lorg/eclipse/ui/part/EditorPart.getTitleToolTip()Ljava/lang/String;",
      "Lorg/eclipse/ui/part/EditorPart.isSaveAsAllowed()Z",
      "Lorg/eclipse/ui/part/MultiPageEditorPart.createPages()V",
      "Lorg/eclipse/ui/part/MultiPageEditorPart.dispose()V",
      "Lorg/eclipse/ui/part/MultiPageEditorPart.getAdapter(Ljava/lang/Class;)Ljava/lang/Object;",
      "Lorg/eclipse/ui/part/MultiPageEditorPart.init(Lorg/eclipse/ui/IEditorSite;Lorg/eclipse/ui/IEditorInput;)V",
      "Lorg/eclipse/ui/part/MultiPageEditorPart.isDirty()Z",
      "Lorg/eclipse/ui/part/MultiPageEditorPart.pageChange(I)V",
      "Lorg/eclipse/ui/part/MultiPageEditorPart.setFocus()V",
      "Lorg/eclipse/ui/part/WorkbenchPart.firePropertyChange(I)V"
    ]
  },
  {
    "frequency": 1,
    "overriddenMethods": [
      "Lorg/eclipse/ui/part/EditorPart.doSave(Lorg/eclipse/core/runtime/IProgressMonitor;)V",
      "Lorg/eclipse/ui/part/EditorPart.doSaveAs()V",
      "Lorg/eclipse/ui/part/EditorPart.isSaveAsAllowed()Z",
      "Lorg/eclipse/ui/part/MultiPageEditorPart.createPages()V",
      "Lorg/eclipse/ui/part/MultiPageEditorPart.getAdapter(Ljava/lang/Class;)Ljava/lang/Object;",
      "Lorg/eclipse/ui/part/MultiPageEditorPart.init(Lorg/eclipse/ui/IEditorSite;Lorg/eclipse/ui/IEditorInput;)V",
      "Lorg/eclipse/ui/part/MultiPageEditorPart.isDirty()Z",
      "Lorg/eclipse/ui/part/MultiPageEditorPart.setFocus()V"
    ]
  },
  {
    "frequency": 1,
    "overriddenMethods": [
      "Lorg/eclipse/ui/part/EditorPart.doSave(Lorg/eclipse/core/runtime/IProgressMonitor;)V",
      "Lorg/eclipse/ui/part/EditorPart.doSaveAs()V",
      "Lorg/eclipse/ui/part/EditorPart.isSaveAsAllowed()Z",
      "Lorg/eclipse/ui/part/EditorPart.setInput(Lorg/eclipse/ui/IEditorInput;)V",
      "Lorg/eclipse/ui/part/MultiPageEditorPart.createPages()V",
      "Lorg/eclipse/ui/part/MultiPageEditorPart.createSite(Lorg/eclipse/ui/IEditorPart;)Lorg/eclipse/ui/IEditorSite;",
      "Lorg/eclipse/ui/part/MultiPageEditorPart.dispose()V",
      "Lorg/eclipse/ui/part/MultiPageEditorPart.getActiveEditor()Lorg/eclipse/ui/IEditorPart;",
      "Lorg/eclipse/ui/part/MultiPageEditorPart.getAdapter(Ljava/lang/Class;)Ljava/lang/Object;",
      "Lorg/eclipse/ui/part/MultiPageEditorPart.init(Lorg/eclipse/ui/IEditorSite;Lorg/eclipse/ui/IEditorInput;)V",
      "Lorg/eclipse/ui/part/MultiPageEditorPart.isDirty()Z",
      "Lorg/eclipse/ui/part/MultiPageEditorPart.pageChange(I)V"
    ]
  },
  {
    "frequency": 1,
    "overriddenMethods": [
      "Lorg/eclipse/ui/part/EditorPart.doSave(Lorg/eclipse/core/runtime/IProgressMonitor;)V",
      "Lorg/eclipse/ui/part/EditorPart.doSaveAs()V",
      "Lorg/eclipse/ui/part/EditorPart.isSaveAsAllowed()Z",
      "Lorg/eclipse/ui/part/EditorPart.setInput(Lorg/eclipse/ui/IEditorInput;)V",
      "Lorg/eclipse/ui/part/MultiPageEditorPart.addPage(ILorg/eclipse/ui/IEditorPart;Lorg/eclipse/ui/IEditorInput;)V",
      "Lorg/eclipse/ui/part/MultiPageEditorPart.createPages()V",
      "Lorg/eclipse/ui/part/MultiPageEditorPart.createSite(Lorg/eclipse/ui/IEditorPart;)Lorg/eclipse/ui/IEditorSite;",
      "Lorg/eclipse/ui/part/MultiPageEditorPart.dispose()V",
      "Lorg/eclipse/ui/part/MultiPageEditorPart.getActiveEditor()Lorg/eclipse/ui/IEditorPart;",
      "Lorg/eclipse/ui/part/MultiPageEditorPart.getPageCount()I",
      "Lorg/eclipse/ui/part/MultiPageEditorPart.getTabFolder()Lorg/eclipse/swt/custom/CTabFolder;",
      "Lorg/eclipse/ui/part/MultiPageEditorPart.pageChange(I)V",
      "Lorg/eclipse/ui/part/MultiPageEditorPart.removePage(I)V",
      "Lorg/eclipse/ui/part/WorkbenchPart.getPartName()Ljava/lang/String;",
      "Lorg/eclipse/ui/part/WorkbenchPart.getTitle()Ljava/lang/String;"
    ]
  },
  {
    "frequency": 1,
    "overriddenMethods": [
      "Lorg/eclipse/ui/part/EditorPart.doSave(Lorg/eclipse/core/runtime/IProgressMonitor;)V",
      "Lorg/eclipse/ui/part/EditorPart.doSaveAs()V",
      "Lorg/eclipse/ui/part/EditorPart.isSaveAsAllowed()Z",
      "Lorg/eclipse/ui/part/EditorPart.isSaveOnCloseNeeded()Z",
      "Lorg/eclipse/ui/part/EditorPart.setInput(Lorg/eclipse/ui/IEditorInput;)V",
      "Lorg/eclipse/ui/part/MultiPageEditorPart.createPages()V",
      "Lorg/eclipse/ui/part/MultiPageEditorPart.createSite(Lorg/eclipse/ui/IEditorPart;)Lorg/eclipse/ui/IEditorSite;",
      "Lorg/eclipse/ui/part/MultiPageEditorPart.dispose()V",
      "Lorg/eclipse/ui/part/MultiPageEditorPart.getActiveEditor()Lorg/eclipse/ui/IEditorPart;",
      "Lorg/eclipse/ui/part/MultiPageEditorPart.getAdapter(Ljava/lang/Class;)Ljava/lang/Object;",
      "Lorg/eclipse/ui/part/MultiPageEditorPart.init(Lorg/eclipse/ui/IEditorSite;Lorg/eclipse/ui/IEditorInput;)V",
      "Lorg/eclipse/ui/part/MultiPageEditorPart.isDirty()Z",
      "Lorg/eclipse/ui/part/MultiPageEditorPart.pageChange(I)V",
      "Lorg/eclipse/ui/part/WorkbenchPart.getPartName()Ljava/lang/String;",
      "Lorg/eclipse/ui/part/WorkbenchPart.getTitle()Ljava/lang/String;"
    ]
  },
  {
    "frequency": 1,
    "overriddenMethods": [
      "Lorg/eclipse/ui/part/EditorPart.doSave(Lorg/eclipse/core/runtime/IProgressMonitor;)V",
      "Lorg/eclipse/ui/part/EditorPart.doSaveAs()V",
      "Lorg/eclipse/ui/part/EditorPart.isSaveAsAllowed()Z",
      "Lorg/eclipse/ui/part/MultiPageEditorPart.createPages()V",
      "Lorg/eclipse/ui/part/MultiPageEditorPart.getAdapter(Ljava/lang/Class;)Ljava/lang/Object;",
      "Lorg/eclipse/ui/part/MultiPageEditorPart.init(Lorg/eclipse/ui/IEditorSite;Lorg/eclipse/ui/IEditorInput;)V",
      "Lorg/eclipse/ui/part/MultiPageEditorPart.pageChange(I)V"
    ]
  },
  {
    "frequency": 145,
    "overriddenMethods": [
      "Lorg/eclipse/ui/part/EditorPart.doSave(Lorg/eclipse/core/runtime/IProgressMonitor;)V",
      "Lorg/eclipse/ui/part/EditorPart.doSaveAs()V",
      "Lorg/eclipse/ui/part/EditorPart.isSaveAsAllowed()Z",
      "Lorg/eclipse/ui/part/MultiPageEditorPart.createPages()V",
      "Lorg/eclipse/ui/part/MultiPageEditorPart.dispose()V",
      "Lorg/eclipse/ui/part/MultiPageEditorPart.getAdapter(Ljava/lang/Class;)Ljava/lang/Object;",
      "Lorg/eclipse/ui/part/MultiPageEditorPart.init(Lorg/eclipse/ui/IEditorSite;Lorg/eclipse/ui/IEditorInput;)V",
      "Lorg/eclipse/ui/part/MultiPageEditorPart.isDirty()Z",
      "Lorg/eclipse/ui/part/MultiPageEditorPart.pageChange(I)V",
      "Lorg/eclipse/ui/part/MultiPageEditorPart.setFocus()V",
      "Lorg/eclipse/ui/part/WorkbenchPart.firePropertyChange(I)V"
    ]
  },
  {
    "frequency": 1,
    "overriddenMethods": [
      "Lorg/eclipse/ui/part/EditorPart.doSave(Lorg/eclipse/core/runtime/IProgressMonitor;)V",
      "Lorg/eclipse/ui/part/EditorPart.doSaveAs()V",
      "Lorg/eclipse/ui/part/EditorPart.isSaveAsAllowed()Z",
      "Lorg/eclipse/ui/part/EditorPart.setInput(Lorg/eclipse/ui/IEditorInput;)V",
      "Lorg/eclipse/ui/part/MultiPageEditorPart.createPages()V",
      "Lorg/eclipse/ui/part/MultiPageEditorPart.getAdapter(Ljava/lang/Class;)Ljava/lang/Object;",
      "Lorg/eclipse/ui/part/MultiPageEditorPart.isDirty()Z",
      "Lorg/eclipse/ui/part/MultiPageEditorPart.pageChange(I)V"
    ]
  },
  {
    "frequency": 1,
    "overriddenMethods": [
      "Lorg/eclipse/ui/part/EditorPart.doSave(Lorg/eclipse/core/runtime/IProgressMonitor;)V",
      "Lorg/eclipse/ui/part/EditorPart.doSaveAs()V",
      "Lorg/eclipse/ui/part/EditorPart.isSaveAsAllowed()Z",
      "Lorg/eclipse/ui/part/MultiPageEditorPart.createPages()V",
      "Lorg/eclipse/ui/part/MultiPageEditorPart.dispose()V",
      "Lorg/eclipse/ui/part/MultiPageEditorPart.init(Lorg/eclipse/ui/IEditorSite;Lorg/eclipse/ui/IEditorInput;)V",
      "Lorg/eclipse/ui/part/MultiPageEditorPart.isDirty()Z",
      "Lorg/eclipse/ui/part/MultiPageEditorPart.pageChange(I)V"
    ]
  },
  {
    "frequency": 1,
    "overriddenMethods": [
      "Lorg/eclipse/ui/part/EditorPart.doSave(Lorg/eclipse/core/runtime/IProgressMonitor;)V",
      "Lorg/eclipse/ui/part/EditorPart.doSaveAs()V",
      "Lorg/eclipse/ui/part/EditorPart.isSaveAsAllowed()Z",
      "Lorg/eclipse/ui/part/MultiPageEditorPart.createPages()V",
      "Lorg/eclipse/ui/part/MultiPageEditorPart.dispose()V",
      "Lorg/eclipse/ui/part/MultiPageEditorPart.getActiveEditor()Lorg/eclipse/ui/IEditorPart;",
      "Lorg/eclipse/ui/part/MultiPageEditorPart.getActivePage()I",
      "Lorg/eclipse/ui/part/MultiPageEditorPart.getAdapter(Ljava/lang/Class;)Ljava/lang/Object;",
      "Lorg/eclipse/ui/part/MultiPageEditorPart.getEditor(I)Lorg/eclipse/ui/IEditorPart;",
      "Lorg/eclipse/ui/part/MultiPageEditorPart.getPageCount()I",
      "Lorg/eclipse/ui/part/MultiPageEditorPart.getPageText(I)Ljava/lang/String;",
      "Lorg/eclipse/ui/part/MultiPageEditorPart.getTabFolder()Lorg/eclipse/swt/custom/CTabFolder;",
      "Lorg/eclipse/ui/part/MultiPageEditorPart.init(Lorg/eclipse/ui/IEditorSite;Lorg/eclipse/ui/IEditorInput;)V",
      "Lorg/eclipse/ui/part/MultiPageEditorPart.isDirty()Z",
      "Lorg/eclipse/ui/part/MultiPageEditorPart.setPageText(ILjava/lang/String;)V"
    ]
  },
  {
    "frequency": 1,
    "overriddenMethods": [
      "Lorg/eclipse/ui/part/EditorPart.doSave(Lorg/eclipse/core/runtime/IProgressMonitor;)V",
      "Lorg/eclipse/ui/part/EditorPart.doSaveAs()V",
      "Lorg/eclipse/ui/part/EditorPart.isSaveAsAllowed()Z",
      "Lorg/eclipse/ui/part/MultiPageEditorPart.createPages()V",
      "Lorg/eclipse/ui/part/MultiPageEditorPart.dispose()V",
      "Lorg/eclipse/ui/part/MultiPageEditorPart.init(Lorg/eclipse/ui/IEditorSite;Lorg/eclipse/ui/IEditorInput;)V",
      "Lorg/eclipse/ui/part/MultiPageEditorPart.pageChange(I)V",
      "Lorg/eclipse/ui/part/MultiPageEditorPart.setFocus()V"
    ]
  },
  {
    "frequency": 1,
    "overriddenMethods": [
      "Lorg/eclipse/ui/part/EditorPart.doSave(Lorg/eclipse/core/runtime/IProgressMonitor;)V",
      "Lorg/eclipse/ui/part/EditorPart.doSaveAs()V",
      "Lorg/eclipse/ui/part/EditorPart.isSaveAsAllowed()Z",
      "Lorg/eclipse/ui/part/EditorPart.setContentDescription(Ljava/lang/String;)V",
      "Lorg/eclipse/ui/part/EditorPart.setPartName(Ljava/lang/String;)V",
      "Lorg/eclipse/ui/part/MultiPageEditorPart.createPages()V",
      "Lorg/eclipse/ui/part/MultiPageEditorPart.getContainer()Lorg/eclipse/swt/widgets/Composite;",
      "Lorg/eclipse/ui/part/MultiPageEditorPart.getControl(I)Lorg/eclipse/swt/widgets/Control;",
      "Lorg/eclipse/ui/part/MultiPageEditorPart.getPageCount()I"
    ]
  },
  {
    "frequency": 1,
    "overriddenMethods": [
      "Lorg/eclipse/ui/part/EditorPart.doSave(Lorg/eclipse/core/runtime/IProgressMonitor;)V",
      "Lorg/eclipse/ui/part/EditorPart.doSaveAs()V",
      "Lorg/eclipse/ui/part/EditorPart.isSaveAsAllowed()Z",
      "Lorg/eclipse/ui/part/MultiPageEditorPart.createPages()V",
      "Lorg/eclipse/ui/part/MultiPageEditorPart.createSite(Lorg/eclipse/ui/IEditorPart;)Lorg/eclipse/ui/IEditorSite;",
      "Lorg/eclipse/ui/part/MultiPageEditorPart.dispose()V",
      "Lorg/eclipse/ui/part/MultiPageEditorPart.init(Lorg/eclipse/ui/IEditorSite;Lorg/eclipse/ui/IEditorInput;)V"
    ]
  },
  {
    "frequency": 1,
    "overriddenMethods": [
      "Lorg/eclipse/ui/part/EditorPart.doSave(Lorg/eclipse/core/runtime/IProgressMonitor;)V",
      "Lorg/eclipse/ui/part/EditorPart.doSaveAs()V",
      "Lorg/eclipse/ui/part/EditorPart.isSaveAsAllowed()Z",
      "Lorg/eclipse/ui/part/EditorPart.setInput(Lorg/eclipse/ui/IEditorInput;)V",
      "Lorg/eclipse/ui/part/MultiPageEditorPart.createPages()V"
    ]
  },
  {
    "frequency": 2,
    "overriddenMethods": [
      "Lorg/eclipse/ui/part/EditorPart.doSave(Lorg/eclipse/core/runtime/IProgressMonitor;)V",
      "Lorg/eclipse/ui/part/EditorPart.doSaveAs()V",
      "Lorg/eclipse/ui/part/EditorPart.isSaveAsAllowed()Z",
      "Lorg/eclipse/ui/part/MultiPageEditorPart.createPages()V",
      "Lorg/eclipse/ui/part/MultiPageEditorPart.init(Lorg/eclipse/ui/IEditorSite;Lorg/eclipse/ui/IEditorInput;)V",
      "Lorg/eclipse/ui/part/MultiPageEditorPart.pageChange(I)V"
    ]
  },
  {
    "frequency": 1,
    "overriddenMethods": [
      "Lorg/eclipse/ui/part/EditorPart.doSave(Lorg/eclipse/core/runtime/IProgressMonitor;)V",
      "Lorg/eclipse/ui/part/EditorPart.doSaveAs()V",
      "Lorg/eclipse/ui/part/EditorPart.isSaveAsAllowed()Z",
      "Lorg/eclipse/ui/part/MultiPageEditorPart.createPages()V"
    ]
  },
  {
    "frequency": 1,
    "overriddenMethods": [
      "Lorg/eclipse/ui/part/EditorPart.doSave(Lorg/eclipse/core/runtime/IProgressMonitor;)V",
      "Lorg/eclipse/ui/part/EditorPart.doSaveAs()V",
      "Lorg/eclipse/ui/part/EditorPart.isSaveAsAllowed()Z",
      "Lorg/eclipse/ui/part/EditorPart.setInput(Lorg/eclipse/ui/IEditorInput;)V",
      "Lorg/eclipse/ui/part/MultiPageEditorPart.createPages()V",
      "Lorg/eclipse/ui/part/MultiPageEditorPart.getAdapter(Ljava/lang/Class;)Ljava/lang/Object;",
      "Lorg/eclipse/ui/part/MultiPageEditorPart.isDirty()Z"
    ]
  },
  {
    "frequency": 2,
    "overriddenMethods": [
      "Lorg/eclipse/ui/part/EditorPart.doSave(Lorg/eclipse/core/runtime/IProgressMonitor;)V",
      "Lorg/eclipse/ui/part/EditorPart.doSaveAs()V",
      "Lorg/eclipse/ui/part/EditorPart.isSaveAsAllowed()Z",
      "Lorg/eclipse/ui/part/MultiPageEditorPart.createPages()V",
      "Lorg/eclipse/ui/part/MultiPageEditorPart.init(Lorg/eclipse/ui/IEditorSite;Lorg/eclipse/ui/IEditorInput;)V"
    ]
  },
  {
    "frequency": 1,
    "overriddenMethods": [
      "Lorg/eclipse/ui/part/EditorPart.doSave(Lorg/eclipse/core/runtime/IProgressMonitor;)V",
      "Lorg/eclipse/ui/part/EditorPart.doSaveAs()V",
      "Lorg/eclipse/ui/part/EditorPart.isSaveAsAllowed()Z",
      "Lorg/eclipse/ui/part/MultiPageEditorPart.createPages()V",
      "Lorg/eclipse/ui/part/MultiPageEditorPart.dispose()V",
      "Lorg/eclipse/ui/part/MultiPageEditorPart.getAdapter(Ljava/lang/Class;)Ljava/lang/Object;",
      "Lorg/eclipse/ui/part/MultiPageEditorPart.init(Lorg/eclipse/ui/IEditorSite;Lorg/eclipse/ui/IEditorInput;)V",
      "Lorg/eclipse/ui/part/MultiPageEditorPart.isDirty()Z",
      "Lorg/eclipse/ui/part/MultiPageEditorPart.pageChange(I)V",
      "Lorg/eclipse/ui/part/MultiPageEditorPart.setFocus()V"
    ]
  },
  {
    "frequency": 1,
    "overriddenMethods": [
      "Lorg/eclipse/ui/part/EditorPart.doSave(Lorg/eclipse/core/runtime/IProgressMonitor;)V",
      "Lorg/eclipse/ui/part/EditorPart.doSaveAs()V",
      "Lorg/eclipse/ui/part/EditorPart.isSaveAsAllowed()Z",
      "Lorg/eclipse/ui/part/EditorPart.setInput(Lorg/eclipse/ui/IEditorInput;)V",
      "Lorg/eclipse/ui/part/MultiPageEditorPart.createPages()V",
      "Lorg/eclipse/ui/part/MultiPageEditorPart.createSite(Lorg/eclipse/ui/IEditorPart;)Lorg/eclipse/ui/IEditorSite;",
      "Lorg/eclipse/ui/part/MultiPageEditorPart.dispose()V",
      "Lorg/eclipse/ui/part/MultiPageEditorPart.getActiveEditor()Lorg/eclipse/ui/IEditorPart;",
      "Lorg/eclipse/ui/part/MultiPageEditorPart.getActivePage()I",
      "Lorg/eclipse/ui/part/MultiPageEditorPart.getAdapter(Ljava/lang/Class;)Ljava/lang/Object;",
      "Lorg/eclipse/ui/part/MultiPageEditorPart.getContainer()Lorg/eclipse/swt/widgets/Composite;",
      "Lorg/eclipse/ui/part/MultiPageEditorPart.getEditor(I)Lorg/eclipse/ui/IEditorPart;",
      "Lorg/eclipse/ui/part/MultiPageEditorPart.getPageCount()I",
      "Lorg/eclipse/ui/part/MultiPageEditorPart.init(Lorg/eclipse/ui/IEditorSite;Lorg/eclipse/ui/IEditorInput;)V",
      "Lorg/eclipse/ui/part/MultiPageEditorPart.initializePageSwitching()V",
      "Lorg/eclipse/ui/part/MultiPageEditorPart.isDirty()Z",
      "Lorg/eclipse/ui/part/MultiPageEditorPart.pageChange(I)V",
      "Lorg/eclipse/ui/part/MultiPageEditorPart.setActivePage(I)V",
      "Lorg/eclipse/ui/part/MultiPageEditorPart.setPageText(ILjava/lang/String;)V"
    ]
  },
  {
    "frequency": 1,
    "overriddenMethods": [
      "Ljava/lang/Object.finalize()V",
      "Lorg/eclipse/ui/part/EditorPart.doSave(Lorg/eclipse/core/runtime/IProgressMonitor;)V",
      "Lorg/eclipse/ui/part/EditorPart.doSaveAs()V",
      "Lorg/eclipse/ui/part/EditorPart.isSaveAsAllowed()Z",
      "Lorg/eclipse/ui/part/MultiPageEditorPart.createPages()V",
      "Lorg/eclipse/ui/part/MultiPageEditorPart.dispose()V",
      "Lorg/eclipse/ui/part/MultiPageEditorPart.init(Lorg/eclipse/ui/IEditorSite;Lorg/eclipse/ui/IEditorInput;)V",
      "Lorg/eclipse/ui/part/MultiPageEditorPart.pageChange(I)V",
      "Lorg/eclipse/ui/part/MultiPageEditorPart.setActivePage(I)V",
      "Lorg/eclipse/ui/part/MultiPageEditorPart.setFocus()V"
    ]
  },
  {
    "frequency": 1,
    "overriddenMethods": [
      "Lorg/eclipse/ui/part/EditorPart.doSave(Lorg/eclipse/core/runtime/IProgressMonitor;)V",
      "Lorg/eclipse/ui/part/EditorPart.doSaveAs()V",
      "Lorg/eclipse/ui/part/EditorPart.isSaveAsAllowed()Z",
      "Lorg/eclipse/ui/part/EditorPart.setInput(Lorg/eclipse/ui/IEditorInput;)V",
      "Lorg/eclipse/ui/part/MultiPageEditorPart.createPages()V",
      "Lorg/eclipse/ui/part/MultiPageEditorPart.dispose()V",
      "Lorg/eclipse/ui/part/MultiPageEditorPart.getAdapter(Ljava/lang/Class;)Ljava/lang/Object;",
      "Lorg/eclipse/ui/part/MultiPageEditorPart.init(Lorg/eclipse/ui/IEditorSite;Lorg/eclipse/ui/IEditorInput;)V",
      "Lorg/eclipse/ui/part/MultiPageEditorPart.pageChange(I)V"
    ]
  },
  {
    "frequency": 1,
    "overriddenMethods": [
      "Lorg/eclipse/ui/part/EditorPart.doSave(Lorg/eclipse/core/runtime/IProgressMonitor;)V",
      "Lorg/eclipse/ui/part/EditorPart.doSaveAs()V",
      "Lorg/eclipse/ui/part/EditorPart.isSaveAsAllowed()Z",
      "Lorg/eclipse/ui/part/MultiPageEditorPart.createPages()V",
      "Lorg/eclipse/ui/part/MultiPageEditorPart.dispose()V",
      "Lorg/eclipse/ui/part/MultiPageEditorPart.init(Lorg/eclipse/ui/IEditorSite;Lorg/eclipse/ui/IEditorInput;)V",
      "Lorg/eclipse/ui/part/MultiPageEditorPart.isDirty()Z"
    ]
  },
  {
    "frequency": 1,
    "overriddenMethods": [
      "Lorg/eclipse/ui/part/EditorPart.doSave(Lorg/eclipse/core/runtime/IProgressMonitor;)V",
      "Lorg/eclipse/ui/part/EditorPart.doSaveAs()V",
      "Lorg/eclipse/ui/part/EditorPart.isSaveAsAllowed()Z",
      "Lorg/eclipse/ui/part/MultiPageEditorPart.createPages()V",
      "Lorg/eclipse/ui/part/MultiPageEditorPart.createSite(Lorg/eclipse/ui/IEditorPart;)Lorg/eclipse/ui/IEditorSite;",
      "Lorg/eclipse/ui/part/MultiPageEditorPart.dispose()V",
      "Lorg/eclipse/ui/part/MultiPageEditorPart.getActiveEditor()Lorg/eclipse/ui/IEditorPart;",
      "Lorg/eclipse/ui/part/MultiPageEditorPart.getAdapter(Ljava/lang/Class;)Ljava/lang/Object;",
      "Lorg/eclipse/ui/part/MultiPageEditorPart.init(Lorg/eclipse/ui/IEditorSite;Lorg/eclipse/ui/IEditorInput;)V",
      "Lorg/eclipse/ui/part/MultiPageEditorPart.isDirty()Z",
      "Lorg/eclipse/ui/part/MultiPageEditorPart.pageChange(I)V"
    ]
  }
]