[
  {
    "frequency": 1,
    "overriddenMethods": [
      "Lorg/eclipse/ui/part/ViewPart.setContentDescription(Ljava/lang/String;)V",
      "Lorg/eclipse/ui/part/WorkbenchPart.createPartControl(Lorg/eclipse/swt/widgets/Composite;)V",
      "Lorg/eclipse/ui/part/WorkbenchPart.dispose()V",
      "Lorg/eclipse/ui/part/WorkbenchPart.getAdapter(Ljava/lang/Class;)Ljava/lang/Object;",
      "Lorg/eclipse/ui/part/WorkbenchPart.setFocus()V"
    ]
  },
  {
    "frequency": 1,
    "overriddenMethods": [
      "Lorg/eclipse/ui/part/ViewPart.init(Lorg/eclipse/ui/IViewSite;Lorg/eclipse/ui/IMemento;)V",
      "Lorg/eclipse/ui/part/ViewPart.saveState(Lorg/eclipse/ui/IMemento;)V",
      "Lorg/eclipse/ui/part/WorkbenchPart.createPartControl(Lorg/eclipse/swt/widgets/Composite;)V",
      "Lorg/eclipse/ui/part/WorkbenchPart.dispose()V",
      "Lorg/eclipse/ui/part/WorkbenchPart.getAdapter(Ljava/lang/Class;)Ljava/lang/Object;",
      "Lorg/eclipse/ui/part/WorkbenchPart.getTitle()Ljava/lang/String;",
      "Lorg/eclipse/ui/part/WorkbenchPart.getTitleImage()Lorg/eclipse/swt/graphics/Image;",
      "Lorg/eclipse/ui/part/WorkbenchPart.setFocus()V"
    ]
  },
  {
    "frequency": 10,
    "overriddenMethods": [
      "Lorg/eclipse/ui/part/ViewPart.init(Lorg/eclipse/ui/IViewSite;Lorg/eclipse/ui/IMemento;)V",
      "Lorg/eclipse/ui/part/ViewPart.saveState(Lorg/eclipse/ui/IMemento;)V",
      "Lorg/eclipse/ui/part/WorkbenchPart.createPartControl(Lorg/eclipse/swt/widgets/Composite;)V",
      "Lorg/eclipse/ui/part/WorkbenchPart.setFocus()V"
    ]
  },
  {
    "frequency": 251,
    "overriddenMethods": [
      "Lorg/eclipse/ui/part/WorkbenchPart.createPartControl(Lorg/eclipse/swt/widgets/Composite;)V",
      "Lorg/eclipse/ui/part/WorkbenchPart.dispose()V",
      "Lorg/eclipse/ui/part/WorkbenchPart.setFocus()V"
    ]
  },
  {
    "frequency": 2,
    "overriddenMethods": [
      "Lorg/eclipse/ui/part/ViewPart.init(Lorg/eclipse/ui/IViewSite;)V",
      "Lorg/eclipse/ui/part/WorkbenchPart.createPartControl(Lorg/eclipse/swt/widgets/Composite;)V",
      "Lorg/eclipse/ui/part/WorkbenchPart.getAdapter(Ljava/lang/Class;)Ljava/lang/Object;",
      "Lorg/eclipse/ui/part/WorkbenchPart.setFocus()V"
    ]
  },
  {
    "frequency": 26,
    "overriddenMethods": [
      "Lorg/eclipse/ui/part/ViewPart.init(Lorg/eclipse/ui/IViewSite;)V",
      "Lorg/eclipse/ui/part/WorkbenchPart.createPartControl(Lorg/eclipse/swt/widgets/Composite;)V",
      "Lorg/eclipse/ui/part/WorkbenchPart.dispose()V",
      "Lorg/eclipse/ui/part/WorkbenchPart.setFocus()V"
    ]
  },
  {
    "frequency": 1,
    "overriddenMethods": [
      "Lorg/eclipse/ui/part/ViewPart.saveState(Lorg/eclipse/ui/IMemento;)V",
      "Lorg/eclipse/ui/part/WorkbenchPart.createPartControl(Lorg/eclipse/swt/widgets/Composite;)V",
      "Lorg/eclipse/ui/part/WorkbenchPart.dispose()V",
      "Lorg/eclipse/ui/part/WorkbenchPart.getAdapter(Ljava/lang/Class;)Ljava/lang/Object;",
      "Lorg/eclipse/ui/part/WorkbenchPart.setFocus()V"
    ]
  },
  {
    "frequency": 1,
    "overriddenMethods": [
      "Lorg/eclipse/ui/part/ViewPart.init(Lorg/eclipse/ui/IViewSite;Lorg/eclipse/ui/IMemento;)V",
      "Lorg/eclipse/ui/part/ViewPart.saveState(Lorg/eclipse/ui/IMemento;)V",
      "Lorg/eclipse/ui/part/ViewPart.setContentDescription(Ljava/lang/String;)V",
      "Lorg/eclipse/ui/part/WorkbenchPart.createPartControl(Lorg/eclipse/swt/widgets/Composite;)V",
      "Lorg/eclipse/ui/part/WorkbenchPart.dispose()V",
      "Lorg/eclipse/ui/part/WorkbenchPart.setFocus()V",
      "Lorg/eclipse/ui/part/WorkbenchPart.setTitleToolTip(Ljava/lang/String;)V"
    ]
  },
  {
    "frequency": 1,
    "overriddenMethods": [
      "Lorg/eclipse/ui/part/ViewPart.setInitializationData(Lorg/eclipse/core/runtime/IConfigurationElement;Ljava/lang/String;Ljava/lang/Object;)V",
      "Lorg/eclipse/ui/part/WorkbenchPart.createPartControl(Lorg/eclipse/swt/widgets/Composite;)V",
      "Lorg/eclipse/ui/part/WorkbenchPart.dispose()V",
      "Lorg/eclipse/ui/part/WorkbenchPart.setFocus()V"
    ]
  },
  {
    "frequency": 5,
    "overriddenMethods": [
      "Lorg/eclipse/ui/part/WorkbenchPart.setFocus()V"
    ]
  },
  {
    "frequency": 1,
    "overriddenMethods": [
      "Lorg/eclipse/ui/part/WorkbenchPart.createPartControl(Lorg/eclipse/swt/widgets/Composite;)V",
      "Lorg/eclipse/ui/part/WorkbenchPart.dispose()V",
      "Lorg/eclipse/ui/part/WorkbenchPart.getTitleImage()Lorg/eclipse/swt/graphics/Image;",
      "Lorg/eclipse/ui/part/WorkbenchPart.setFocus()V"
    ]
  },
  {
    "frequency": 1,
    "overriddenMethods": [
      "Lorg/eclipse/ui/part/ViewPart.setPartName(Ljava/lang/String;)V",
      "Lorg/eclipse/ui/part/WorkbenchPart.createPartControl(Lorg/eclipse/swt/widgets/Composite;)V",
      "Lorg/eclipse/ui/part/WorkbenchPart.dispose()V",
      "Lorg/eclipse/ui/part/WorkbenchPart.setFocus()V"
    ]
  },
  {
    "frequency": 19,
    "overriddenMethods": [
      "Lorg/eclipse/ui/part/ViewPart.init(Lorg/eclipse/ui/IViewSite;)V",
      "Lorg/eclipse/ui/part/WorkbenchPart.createPartControl(Lorg/eclipse/swt/widgets/Composite;)V",
      "Lorg/eclipse/ui/part/WorkbenchPart.setFocus()V"
    ]
  },
  {
    "frequency": 1,
    "overriddenMethods": [
      "Ljava/lang/Object.toString()Ljava/lang/String;",
      "Lorg/eclipse/ui/part/WorkbenchPart.createPartControl(Lorg/eclipse/swt/widgets/Composite;)V",
      "Lorg/eclipse/ui/part/WorkbenchPart.dispose()V",
      "Lorg/eclipse/ui/part/WorkbenchPart.setFocus()V"
    ]
  },
  {
    "frequency": 23,
    "overriddenMethods": [
      "Lorg/eclipse/ui/part/ViewPart.init(Lorg/eclipse/ui/IViewSite;Lorg/eclipse/ui/IMemento;)V",
      "Lorg/eclipse/ui/part/ViewPart.saveState(Lorg/eclipse/ui/IMemento;)V",
      "Lorg/eclipse/ui/part/WorkbenchPart.createPartControl(Lorg/eclipse/swt/widgets/Composite;)V",
      "Lorg/eclipse/ui/part/WorkbenchPart.dispose()V",
      "Lorg/eclipse/ui/part/WorkbenchPart.getAdapter(Ljava/lang/Class;)Ljava/lang/Object;",
      "Lorg/eclipse/ui/part/WorkbenchPart.setFocus()V"
    ]
  },
  {
    "frequency": 2,
    "overriddenMethods": [
      "Lorg/eclipse/ui/part/ViewPart.init(Lorg/eclipse/ui/IViewSite;)V",
      "Lorg/eclipse/ui/part/ViewPart.init(Lorg/eclipse/ui/IViewSite;Lorg/eclipse/ui/IMemento;)V",
      "Lorg/eclipse/ui/part/WorkbenchPart.createPartControl(Lorg/eclipse/swt/widgets/Composite;)V",
      "Lorg/eclipse/ui/part/WorkbenchPart.dispose()V",
      "Lorg/eclipse/ui/part/WorkbenchPart.setFocus()V"
    ]
  },
  {
    "frequency": 29,
    "overriddenMethods": [
      "Lorg/eclipse/ui/part/WorkbenchPart.createPartControl(Lorg/eclipse/swt/widgets/Composite;)V",
      "Lorg/eclipse/ui/part/WorkbenchPart.dispose()V",
      "Lorg/eclipse/ui/part/WorkbenchPart.getAdapter(Ljava/lang/Class;)Ljava/lang/Object;",
      "Lorg/eclipse/ui/part/WorkbenchPart.setFocus()V"
    ]
  },
  {
    "frequency": 2,
    "overriddenMethods": [
      "Lorg/eclipse/ui/part/ViewPart.saveState(Lorg/eclipse/ui/IMemento;)V",
      "Lorg/eclipse/ui/part/WorkbenchPart.createPartControl(Lorg/eclipse/swt/widgets/Composite;)V",
      "Lorg/eclipse/ui/part/WorkbenchPart.dispose()V",
      "Lorg/eclipse/ui/part/WorkbenchPart.setFocus()V"
    ]
  },
  {
    "frequency": 3,
    "overriddenMethods": [
      "Lorg/eclipse/ui/part/ViewPart.init(Lorg/eclipse/ui/IViewSite;Lorg/eclipse/ui/IMemento;)V",
      "Lorg/eclipse/ui/part/ViewPart.saveState(Lorg/eclipse/ui/IMemento;)V",
      "Lorg/eclipse/ui/part/WorkbenchPart.createPartControl(Lorg/eclipse/swt/widgets/Composite;)V",
      "Lorg/eclipse/ui/part/WorkbenchPart.dispose()V",
      "Lorg/eclipse/ui/part/WorkbenchPart.getAdapter(Ljava/lang/Class;)Ljava/lang/Object;",
      "Lorg/eclipse/ui/part/WorkbenchPart.getTitleToolTip()Ljava/lang/String;",
      "Lorg/eclipse/ui/part/WorkbenchPart.setFocus()V"
    ]
  },
  {
    "frequency": 1,
    "overriddenMethods": [
      "Lorg/eclipse/ui/part/ViewPart.init(Lorg/eclipse/ui/IViewSite;Lorg/eclipse/ui/IMemento;)V",
      "Lorg/eclipse/ui/part/WorkbenchPart.createPartControl(Lorg/eclipse/swt/widgets/Composite;)V",
      "Lorg/eclipse/ui/part/WorkbenchPart.dispose()V",
      "Lorg/eclipse/ui/part/WorkbenchPart.getAdapter(Ljava/lang/Class;)Ljava/lang/Object;",
      "Lorg/eclipse/ui/part/WorkbenchPart.setFocus()V"
    ]
  },
  {
    "frequency": 226,
    "overriddenMethods": [
      "Lorg/eclipse/ui/part/WorkbenchPart.createPartControl(Lorg/eclipse/swt/widgets/Composite;)V",
      "Lorg/eclipse/ui/part/WorkbenchPart.setFocus()V"
    ]
  },
  {
    "frequency": 1,
    "overriddenMethods": [
      "Lorg/eclipse/ui/part/ViewPart.setContentDescription(Ljava/lang/String;)V",
      "Lorg/eclipse/ui/part/WorkbenchPart.createPartControl(Lorg/eclipse/swt/widgets/Composite;)V",
      "Lorg/eclipse/ui/part/WorkbenchPart.setFocus()V"
    ]
  },
  {
    "frequency": 1,
    "overriddenMethods": [
      "Lorg/eclipse/ui/part/ViewPart.getViewSite()Lorg/eclipse/ui/IViewSite;",
      "Lorg/eclipse/ui/part/ViewPart.init(Lorg/eclipse/ui/IViewSite;Lorg/eclipse/ui/IMemento;)V",
      "Lorg/eclipse/ui/part/ViewPart.saveState(Lorg/eclipse/ui/IMemento;)V",
      "Lorg/eclipse/ui/part/WorkbenchPart.createPartControl(Lorg/eclipse/swt/widgets/Composite;)V",
      "Lorg/eclipse/ui/part/WorkbenchPart.dispose()V",
      "Lorg/eclipse/ui/part/WorkbenchPart.setFocus()V"
    ]
  },
  {
    "frequency": 8,
    "overriddenMethods": [
      "Lorg/eclipse/ui/part/ViewPart.init(Lorg/eclipse/ui/IViewSite;Lorg/eclipse/ui/IMemento;)V",
      "Lorg/eclipse/ui/part/WorkbenchPart.createPartControl(Lorg/eclipse/swt/widgets/Composite;)V",
      "Lorg/eclipse/ui/part/WorkbenchPart.dispose()V",
      "Lorg/eclipse/ui/part/WorkbenchPart.setFocus()V"
    ]
  },
  {
    "frequency": 3,
    "overriddenMethods": [
      "Lorg/eclipse/ui/part/ViewPart.init(Lorg/eclipse/ui/IViewSite;)V",
      "Lorg/eclipse/ui/part/WorkbenchPart.createPartControl(Lorg/eclipse/swt/widgets/Composite;)V",
      "Lorg/eclipse/ui/part/WorkbenchPart.dispose()V",
      "Lorg/eclipse/ui/part/WorkbenchPart.getAdapter(Ljava/lang/Class;)Ljava/lang/Object;",
      "Lorg/eclipse/ui/part/WorkbenchPart.setFocus()V"
    ]
  },
  {
    "frequency": 1,
    "overriddenMethods": [
      "Lorg/eclipse/ui/part/ViewPart.init(Lorg/eclipse/ui/IViewSite;Lorg/eclipse/ui/IMemento;)V",
      "Lorg/eclipse/ui/part/WorkbenchPart.createPartControl(Lorg/eclipse/swt/widgets/Composite;)V",
      "Lorg/eclipse/ui/part/WorkbenchPart.getAdapter(Ljava/lang/Class;)Ljava/lang/Object;",
      "Lorg/eclipse/ui/part/WorkbenchPart.setFocus()V"
    ]
  },
  {
    "frequency": 1,
    "overriddenMethods": [
      "Lorg/eclipse/ui/part/ViewPart.setContentDescription(Ljava/lang/String;)V",
      "Lorg/eclipse/ui/part/ViewPart.setPartName(Ljava/lang/String;)V",
      "Lorg/eclipse/ui/part/WorkbenchPart.createPartControl(Lorg/eclipse/swt/widgets/Composite;)V",
      "Lorg/eclipse/ui/part/WorkbenchPart.setFocus()V",
      "Lorg/eclipse/ui/part/WorkbenchPart.setTitle(Ljava/lang/String;)V"
    ]
  },
  {
    "frequency": 12,
    "overriddenMethods": [
      "Lorg/eclipse/ui/part/WorkbenchPart.createPartControl(Lorg/eclipse/swt/widgets/Composite;)V",
      "Lorg/eclipse/ui/part/WorkbenchPart.getAdapter(Ljava/lang/Class;)Ljava/lang/Object;",
      "Lorg/eclipse/ui/part/WorkbenchPart.setFocus()V"
    ]
  },
  {
    "frequency": 50,
    "overriddenMethods": [
      "Lorg/eclipse/ui/part/ViewPart.init(Lorg/eclipse/ui/IViewSite;Lorg/eclipse/ui/IMemento;)V",
      "Lorg/eclipse/ui/part/ViewPart.saveState(Lorg/eclipse/ui/IMemento;)V",
      "Lorg/eclipse/ui/part/WorkbenchPart.createPartControl(Lorg/eclipse/swt/widgets/Composite;)V",
      "Lorg/eclipse/ui/part/WorkbenchPart.dispose()V",
      "Lorg/eclipse/ui/part/WorkbenchPart.setFocus()V"
    ]
  },
  {
    "frequency": 1,
    "overriddenMethods": [
      "Lorg/eclipse/ui/part/ViewPart.init(Lorg/eclipse/ui/IViewSite;)V",
      "Lorg/eclipse/ui/part/ViewPart.init(Lorg/eclipse/ui/IViewSite;Lorg/eclipse/ui/IMemento;)V",
      "Lorg/eclipse/ui/part/ViewPart.saveState(Lorg/eclipse/ui/IMemento;)V",
      "Lorg/eclipse/ui/part/WorkbenchPart.createPartControl(Lorg/eclipse/swt/widgets/Composite;)V",
      "Lorg/eclipse/ui/part/WorkbenchPart.dispose()V",
      "Lorg/eclipse/ui/part/WorkbenchPart.setFocus()V"
    ]
  },
  {
    "frequency": 1,
    "overriddenMethods": [
      "Lorg/eclipse/ui/part/ViewPart.init(Lorg/eclipse/ui/IViewSite;Lorg/eclipse/ui/IMemento;)V",
      "Lorg/eclipse/ui/part/ViewPart.saveState(Lorg/eclipse/ui/IMemento;)V",
      "Lorg/eclipse/ui/part/WorkbenchPart.createPartControl(Lorg/eclipse/swt/widgets/Composite;)V",
      "Lorg/eclipse/ui/part/WorkbenchPart.dispose()V",
      "Lorg/eclipse/ui/part/WorkbenchPart.getAdapter(Ljava/lang/Class;)Ljava/lang/Object;",
      "Lorg/eclipse/ui/part/WorkbenchPart.setFocus()V",
      "Lorg/eclipse/ui/part/WorkbenchPart.showBusy(Z)V"
    ]
  },
  {
    "frequency": 6,
    "overriddenMethods": [
      "Lorg/eclipse/ui/part/ViewPart.init(Lorg/eclipse/ui/IViewSite;Lorg/eclipse/ui/IMemento;)V",
      "Lorg/eclipse/ui/part/ViewPart.saveState(Lorg/eclipse/ui/IMemento;)V",
      "Lorg/eclipse/ui/part/WorkbenchPart.createPartControl(Lorg/eclipse/swt/widgets/Composite;)V",
      "Lorg/eclipse/ui/part/WorkbenchPart.dispose()V",
      "Lorg/eclipse/ui/part/WorkbenchPart.getTitleImage()Lorg/eclipse/swt/graphics/Image;",
      "Lorg/eclipse/ui/part/WorkbenchPart.setFocus()V"
    ]
  },
  {
    "frequency": 1,
    "overriddenMethods": [
      "Lorg/eclipse/ui/part/WorkbenchPart.createPartControl(Lorg/eclipse/swt/widgets/Composite;)V",
      "Lorg/eclipse/ui/part/WorkbenchPart.setFocus()V",
      "Lorg/eclipse/ui/part/WorkbenchPart.setTitle(Ljava/lang/String;)V"
    ]
  },
  {
    "frequency": 1,
    "overriddenMethods": [
      "Lorg/eclipse/ui/part/ViewPart.setContentDescription(Ljava/lang/String;)V",
      "Lorg/eclipse/ui/part/WorkbenchPart.createPartControl(Lorg/eclipse/swt/widgets/Composite;)V",
      "Lorg/eclipse/ui/part/WorkbenchPart.dispose()V",
      "Lorg/eclipse/ui/part/WorkbenchPart.setFocus()V"
    ]
  }
]