[
  {
    "frequency": 1,
    "overriddenMethods": [
      "Lorg/eclipse/ui/model/BaseWorkbenchContentProvider.dispose()V",
      "Lorg/eclipse/ui/model/BaseWorkbenchContentProvider.getChildren(Ljava/lang/Object;)[Ljava/lang/Object;",
      "Lorg/eclipse/ui/model/BaseWorkbenchContentProvider.getElements(Ljava/lang/Object;)[Ljava/lang/Object;",
      "Lorg/eclipse/ui/model/BaseWorkbenchContentProvider.getParent(Ljava/lang/Object;)Ljava/lang/Object;",
      "Lorg/eclipse/ui/model/BaseWorkbenchContentProvider.hasChildren(Ljava/lang/Object;)Z",
      "Lorg/eclipse/ui/model/BaseWorkbenchContentProvider.inputChanged(Lorg/eclipse/jface/viewers/Viewer;Ljava/lang/Object;Ljava/lang/Object;)V"
    ]
  },
  {
    "frequency": 2,
    "overriddenMethods": [
      "Lorg/eclipse/ui/model/BaseWorkbenchContentProvider.dispose()V",
      "Lorg/eclipse/ui/model/BaseWorkbenchContentProvider.inputChanged(Lorg/eclipse/jface/viewers/Viewer;Ljava/lang/Object;Ljava/lang/Object;)V"
    ]
  },
  {
    "frequency": 1,
    "overriddenMethods": [
      "Lorg/eclipse/ui/model/BaseWorkbenchContentProvider.getElements(Ljava/lang/Object;)[Ljava/lang/Object;"
    ]
  },
  {
    "frequency": 2,
    "overriddenMethods": [
      "Lorg/eclipse/ui/model/BaseWorkbenchContentProvider.getChildren(Ljava/lang/Object;)[Ljava/lang/Object;",
      "Lorg/eclipse/ui/model/BaseWorkbenchContentProvider.hasChildren(Ljava/lang/Object;)Z"
    ]
  },
  {
    "frequency": 1,
    "overriddenMethods": [
      "Lorg/eclipse/ui/model/BaseWorkbenchContentProvider.getAdapter(Ljava/lang/Object;)Lorg/eclipse/ui/model/IWorkbenchAdapter;"
    ]
  },
  {
    "frequency": 1,
    "overriddenMethods": [
      "Lorg/eclipse/ui/model/BaseWorkbenchContentProvider.getChildren(Ljava/lang/Object;)[Ljava/lang/Object;",
      "Lorg/eclipse/ui/model/BaseWorkbenchContentProvider.getElements(Ljava/lang/Object;)[Ljava/lang/Object;",
      "Lorg/eclipse/ui/model/BaseWorkbenchContentProvider.getParent(Ljava/lang/Object;)Ljava/lang/Object;",
      "Lorg/eclipse/ui/model/BaseWorkbenchContentProvider.hasChildren(Ljava/lang/Object;)Z"
    ]
  },
  {
    "frequency": 1,
    "overriddenMethods": [
      "Lorg/eclipse/ui/model/BaseWorkbenchContentProvider.dispose()V",
      "Lorg/eclipse/ui/model/BaseWorkbenchContentProvider.getElements(Ljava/lang/Object;)[Ljava/lang/Object;",
      "Lorg/eclipse/ui/model/BaseWorkbenchContentProvider.getParent(Ljava/lang/Object;)Ljava/lang/Object;",
      "Lorg/eclipse/ui/model/BaseWorkbenchContentProvider.inputChanged(Lorg/eclipse/jface/viewers/Viewer;Ljava/lang/Object;Ljava/lang/Object;)V"
    ]
  },
  {
    "frequency": 14,
    "overriddenMethods": [
      "Lorg/eclipse/ui/model/BaseWorkbenchContentProvider.getChildren(Ljava/lang/Object;)[Ljava/lang/Object;"
    ]
  },
  {
    "frequency": 2,
    "overriddenMethods": [
      "Lorg/eclipse/ui/model/BaseWorkbenchContentProvider.getAdapter(Ljava/lang/Object;)Lorg/eclipse/ui/model/IWorkbenchAdapter;",
      "Lorg/eclipse/ui/model/BaseWorkbenchContentProvider.getChildren(Ljava/lang/Object;)[Ljava/lang/Object;",
      "Lorg/eclipse/ui/model/BaseWorkbenchContentProvider.hasChildren(Ljava/lang/Object;)Z",
      "Lorg/eclipse/ui/model/BaseWorkbenchContentProvider.inputChanged(Lorg/eclipse/jface/viewers/Viewer;Ljava/lang/Object;Ljava/lang/Object;)V"
    ]
  },
  {
    "frequency": 1,
    "overriddenMethods": [
      "Lorg/eclipse/ui/model/BaseWorkbenchContentProvider.getChildren(Ljava/lang/Object;)[Ljava/lang/Object;",
      "Lorg/eclipse/ui/model/BaseWorkbenchContentProvider.getElements(Ljava/lang/Object;)[Ljava/lang/Object;",
      "Lorg/eclipse/ui/model/BaseWorkbenchContentProvider.hasChildren(Ljava/lang/Object;)Z"
    ]
  },
  {
    "frequency": 4,
    "overriddenMethods": [
      "Lorg/eclipse/ui/model/BaseWorkbenchContentProvider.getChildren(Ljava/lang/Object;)[Ljava/lang/Object;",
      "Lorg/eclipse/ui/model/BaseWorkbenchContentProvider.getParent(Ljava/lang/Object;)Ljava/lang/Object;"
    ]
  }
]