[
  {
    "frequency": 1,
    "overriddenMethods": []
  },
  {
    "frequency": 1,
    "overriddenMethods": [
      "Ljava/lang/Object.toString()Ljava/lang/String;",
      "Lorg/eclipse/ui/model/WorkbenchAdapter.getChildren(Ljava/lang/Object;)[Ljava/lang/Object;"
    ]
  },
  {
    "frequency": 1,
    "overriddenMethods": [
      "Lorg/eclipse/ui/model/WorkbenchAdapter.getImageDescriptor(Ljava/lang/Object;)Lorg/eclipse/jface/resource/ImageDescriptor;"
    ]
  },
  {
    "frequency": 1,
    "overriddenMethods": [
      "Lorg/eclipse/ui/model/WorkbenchAdapter.getChildren(Ljava/lang/Object;)[Ljava/lang/Object;",
      "Lorg/eclipse/ui/model/WorkbenchAdapter.getParent(Ljava/lang/Object;)Ljava/lang/Object;"
    ]
  },
  {
    "frequency": 4,
    "overriddenMethods": [
      "Ljava/lang/Object.toString()Ljava/lang/String;"
    ]
  },
  {
    "frequency": 5,
    "overriddenMethods": [
      "Lorg/eclipse/ui/model/WorkbenchAdapter.getChildren(Ljava/lang/Object;)[Ljava/lang/Object;",
      "Lorg/eclipse/ui/model/WorkbenchAdapter.getImageDescriptor(Ljava/lang/Object;)Lorg/eclipse/jface/resource/ImageDescriptor;",
      "Lorg/eclipse/ui/model/WorkbenchAdapter.getLabel(Ljava/lang/Object;)Ljava/lang/String;"
    ]
  },
  {
    "frequency": 1,
    "overriddenMethods": [
      "Ljava/lang/Object.equals(Ljava/lang/Object;)Z",
      "Ljava/lang/Object.hashCode()I"
    ]
  },
  {
    "frequency": 11,
    "overriddenMethods": [
      "Lorg/eclipse/ui/model/WorkbenchAdapter.getImageDescriptor(Ljava/lang/Object;)Lorg/eclipse/jface/resource/ImageDescriptor;",
      "Lorg/eclipse/ui/model/WorkbenchAdapter.getLabel(Ljava/lang/Object;)Ljava/lang/String;"
    ]
  },
  {
    "frequency": 2,
    "overriddenMethods": [
      "Lorg/eclipse/ui/model/WorkbenchAdapter.getChildren(Ljava/lang/Object;)[Ljava/lang/Object;",
      "Lorg/eclipse/ui/model/WorkbenchAdapter.getLabel(Ljava/lang/Object;)Ljava/lang/String;"
    ]
  },
  {
    "frequency": 5,
    "overriddenMethods": [
      "Lorg/eclipse/ui/model/WorkbenchAdapter.getLabel(Ljava/lang/Object;)Ljava/lang/String;"
    ]
  },
  {
    "frequency": 2,
    "overriddenMethods": [
      "Ljava/lang/Object.equals(Ljava/lang/Object;)Z",
      "Ljava/lang/Object.hashCode()I",
      "Lorg/eclipse/ui/model/WorkbenchAdapter.getChildren(Ljava/lang/Object;)[Ljava/lang/Object;",
      "Lorg/eclipse/ui/model/WorkbenchAdapter.getLabel(Ljava/lang/Object;)Ljava/lang/String;",
      "Lorg/eclipse/ui/model/WorkbenchAdapter.getParent(Ljava/lang/Object;)Ljava/lang/Object;"
    ]
  },
  {
    "frequency": 5,
    "overriddenMethods": [
      "Lorg/eclipse/ui/model/WorkbenchAdapter.getChildren(Ljava/lang/Object;)[Ljava/lang/Object;"
    ]
  },
  {
    "frequency": 1,
    "overriddenMethods": [
      "Lorg/eclipse/ui/model/WorkbenchAdapter.getChildren(Ljava/lang/Object;)[Ljava/lang/Object;",
      "Lorg/eclipse/ui/model/WorkbenchAdapter.getLabel(Ljava/lang/Object;)Ljava/lang/String;",
      "Lorg/eclipse/ui/model/WorkbenchAdapter.getParent(Ljava/lang/Object;)Ljava/lang/Object;"
    ]
  },
  {
    "frequency": 2,
    "overriddenMethods": [
      "Lorg/eclipse/ui/model/WorkbenchAdapter.getChildren(Ljava/lang/Object;)[Ljava/lang/Object;",
      "Lorg/eclipse/ui/model/WorkbenchAdapter.getImageDescriptor(Ljava/lang/Object;)Lorg/eclipse/jface/resource/ImageDescriptor;",
      "Lorg/eclipse/ui/model/WorkbenchAdapter.getLabel(Ljava/lang/Object;)Ljava/lang/String;",
      "Lorg/eclipse/ui/model/WorkbenchAdapter.getParent(Ljava/lang/Object;)Ljava/lang/Object;"
    ]
  },
  {
    "frequency": 3,
    "overriddenMethods": [
      "Lorg/eclipse/ui/model/WorkbenchAdapter.getImageDescriptor(Ljava/lang/Object;)Lorg/eclipse/jface/resource/ImageDescriptor;",
      "Lorg/eclipse/ui/model/WorkbenchAdapter.getLabel(Ljava/lang/Object;)Ljava/lang/String;",
      "Lorg/eclipse/ui/model/WorkbenchAdapter.getParent(Ljava/lang/Object;)Ljava/lang/Object;"
    ]
  },
  {
    "frequency": 1,
    "overriddenMethods": [
      "Ljava/lang/Object.toString()Ljava/lang/String;",
      "Lorg/eclipse/ui/model/WorkbenchAdapter.getLabel(Ljava/lang/Object;)Ljava/lang/String;",
      "Lorg/eclipse/ui/model/WorkbenchAdapter.getParent(Ljava/lang/Object;)Ljava/lang/Object;"
    ]
  }
]