[
  {
    "frequency": 1,
    "overriddenMethods": [
      "Lorg/eclipse/jface/action/ContributionItem.dispose()V",
      "Lorg/eclipse/jface/action/ContributionItem.fill(Lorg/eclipse/swt/widgets/CoolBar;I)V",
      "Lorg/eclipse/jface/action/ContributionItem.isDirty()Z",
      "Lorg/eclipse/jface/action/ContributionItem.isDynamic()Z",
      "Lorg/eclipse/jface/action/ContributionItem.isEnabled()Z",
      "Lorg/eclipse/jface/action/ContributionItem.isGroupMarker()Z",
      "Lorg/eclipse/jface/action/ContributionItem.isSeparator()Z",
      "Lorg/eclipse/jface/action/ContributionItem.isVisible()Z",
      "Lorg/eclipse/jface/action/ContributionItem.saveWidgetState()V",
      "Lorg/eclipse/jface/action/ContributionItem.setParent(Lorg/eclipse/jface/action/IContributionManager;)V",
      "Lorg/eclipse/jface/action/ContributionItem.setVisible(Z)V",
      "Lorg/eclipse/jface/action/ContributionItem.update()V",
      "Lorg/eclipse/jface/action/ContributionItem.update(Ljava/lang/String;)V",
      "Lorg/eclipse/jface/action/ControlContribution.createControl(Lorg/eclipse/swt/widgets/Composite;)Lorg/eclipse/swt/widgets/Control;",
      "Lorg/eclipse/ui/internal/menus/InternalControlContribution.setCurSide(I)V",
      "Lorg/eclipse/ui/internal/menus/InternalControlContribution.setWorkbenchWindow(Lorg/eclipse/ui/IWorkbenchWindow;)V"
    ]
  },
  {
    "frequency": 1,
    "overriddenMethods": [
      "Ljava/lang/Object.finalize()V",
      "Lorg/eclipse/jface/action/ControlContribution.createControl(Lorg/eclipse/swt/widgets/Composite;)Lorg/eclipse/swt/widgets/Control;"
    ]
  },
  {
    "frequency": 3,
    "overriddenMethods": [
      "Lorg/eclipse/jface/action/ContributionItem.dispose()V",
      "Lorg/eclipse/jface/action/ControlContribution.createControl(Lorg/eclipse/swt/widgets/Composite;)Lorg/eclipse/swt/widgets/Control;"
    ]
  },
  {
    "frequency": 2,
    "overriddenMethods": [
      "Lorg/eclipse/jface/action/ContributionItem.dispose()V",
      "Lorg/eclipse/jface/action/ContributionItem.isDynamic()Z",
      "Lorg/eclipse/jface/action/ControlContribution.createControl(Lorg/eclipse/swt/widgets/Composite;)Lorg/eclipse/swt/widgets/Control;"
    ]
  },
  {
    "frequency": 2,
    "overriddenMethods": [
      "Lorg/eclipse/jface/action/ContributionItem.dispose()V",
      "Lorg/eclipse/jface/action/ContributionItem.isDynamic()Z",
      "Lorg/eclipse/jface/action/ContributionItem.update()V",
      "Lorg/eclipse/jface/action/ControlContribution.createControl(Lorg/eclipse/swt/widgets/Composite;)Lorg/eclipse/swt/widgets/Control;"
    ]
  },
  {
    "frequency": 2,
    "overriddenMethods": [
      "Lorg/eclipse/jface/action/ContributionItem.dispose()V",
      "Lorg/eclipse/jface/action/ContributionItem.isDynamic()Z",
      "Lorg/eclipse/jface/action/ControlContribution.computeWidth(Lorg/eclipse/swt/widgets/Control;)I",
      "Lorg/eclipse/jface/action/ControlContribution.createControl(Lorg/eclipse/swt/widgets/Composite;)Lorg/eclipse/swt/widgets/Control;"
    ]
  },
  {
    "frequency": 1,
    "overriddenMethods": [
      "Lorg/eclipse/jface/action/ControlContribution.computeWidth(Lorg/eclipse/swt/widgets/Control;)I",
      "Lorg/eclipse/jface/action/ControlContribution.createControl(Lorg/eclipse/swt/widgets/Composite;)Lorg/eclipse/swt/widgets/Control;"
    ]
  },
  {
    "frequency": 8,
    "overriddenMethods": [
      "Lorg/eclipse/jface/action/ControlContribution.createControl(Lorg/eclipse/swt/widgets/Composite;)Lorg/eclipse/swt/widgets/Control;"
    ]
  }
]