[
  {
    "frequency": 1,
    "overriddenMethods": [
      "Lorg/eclipse/ui/internal/progress/JobTreeElement.cancel()V",
      "Lorg/eclipse/ui/internal/progress/JobTreeElement.getChildren()[Ljava/lang/Object;",
      "Lorg/eclipse/ui/internal/progress/JobTreeElement.getDisplayString()Ljava/lang/String;",
      "Lorg/eclipse/ui/internal/progress/JobTreeElement.hasChildren()Z",
      "Lorg/eclipse/ui/internal/progress/JobTreeElement.isActive()Z",
      "Lorg/eclipse/ui/internal/progress/JobTreeElement.isCancellable()Z",
      "Lorg/eclipse/ui/internal/progress/JobTreeElement.isJobInfo()Z"
    ]
  },
  {
    "frequency": 1,
    "overriddenMethods": [
      "Lorg/eclipse/ui/internal/progress/JobTreeElement.cancel()V",
      "Lorg/eclipse/ui/internal/progress/JobTreeElement.getChildren()[Ljava/lang/Object;",
      "Lorg/eclipse/ui/internal/progress/JobTreeElement.getDisplayImage()Lorg/eclipse/swt/graphics/Image;",
      "Lorg/eclipse/ui/internal/progress/JobTreeElement.getDisplayString()Ljava/lang/String;",
      "Lorg/eclipse/ui/internal/progress/JobTreeElement.hasChildren()Z",
      "Lorg/eclipse/ui/internal/progress/JobTreeElement.isActive()Z",
      "Lorg/eclipse/ui/internal/progress/JobTreeElement.isCancellable()Z",
      "Lorg/eclipse/ui/internal/progress/JobTreeElement.isJobInfo()Z"
    ]
  },
  {
    "frequency": 1,
    "overriddenMethods": [
      "Lorg/eclipse/ui/internal/progress/JobTreeElement.cancel()V",
      "Lorg/eclipse/ui/internal/progress/JobTreeElement.compareTo(Ljava/lang/Object;)I",
      "Lorg/eclipse/ui/internal/progress/JobTreeElement.getChildren()[Ljava/lang/Object;",
      "Lorg/eclipse/ui/internal/progress/JobTreeElement.getCondensedDisplayString()Ljava/lang/String;",
      "Lorg/eclipse/ui/internal/progress/JobTreeElement.getDisplayImage()Lorg/eclipse/swt/graphics/Image;",
      "Lorg/eclipse/ui/internal/progress/JobTreeElement.getDisplayString()Ljava/lang/String;",
      "Lorg/eclipse/ui/internal/progress/JobTreeElement.getDisplayString(Z)Ljava/lang/String;",
      "Lorg/eclipse/ui/internal/progress/JobTreeElement.getParent()Ljava/lang/Object;",
      "Lorg/eclipse/ui/internal/progress/JobTreeElement.hasChildren()Z",
      "Lorg/eclipse/ui/internal/progress/JobTreeElement.isActive()Z",
      "Lorg/eclipse/ui/internal/progress/JobTreeElement.isCancellable()Z",
      "Lorg/eclipse/ui/internal/progress/JobTreeElement.isJobInfo()Z"
    ]
  },
  {
    "frequency": 1,
    "overriddenMethods": [
      "Lorg/eclipse/ui/internal/progress/JobTreeElement.compareTo(Ljava/lang/Object;)I",
      "Lorg/eclipse/ui/internal/progress/JobTreeElement.getChildren()[Ljava/lang/Object;",
      "Lorg/eclipse/ui/internal/progress/JobTreeElement.getDisplayString()Ljava/lang/String;",
      "Lorg/eclipse/ui/internal/progress/JobTreeElement.hasChildren()Z",
      "Lorg/eclipse/ui/internal/progress/JobTreeElement.isActive()Z",
      "Lorg/eclipse/ui/internal/progress/JobTreeElement.isJobInfo()Z"
    ]
  },
  {
    "frequency": 1,
    "overriddenMethods": [
      "Lorg/eclipse/ui/internal/progress/JobTreeElement.getChildren()[Ljava/lang/Object;",
      "Lorg/eclipse/ui/internal/progress/JobTreeElement.getDisplayString()Ljava/lang/String;",
      "Lorg/eclipse/ui/internal/progress/JobTreeElement.getParent()Ljava/lang/Object;",
      "Lorg/eclipse/ui/internal/progress/JobTreeElement.hasChildren()Z",
      "Lorg/eclipse/ui/internal/progress/JobTreeElement.isActive()Z",
      "Lorg/eclipse/ui/internal/progress/JobTreeElement.isJobInfo()Z"
    ]
  }
]