[
  {
    "frequency": 1,
    "overriddenMethods": [
      "Lorg/eclipse/core/commands/AbstractHandler.dispose()V",
      "Lorg/eclipse/ui/internal/CycleBaseHandler.activate(Lorg/eclipse/ui/IWorkbenchPage;Ljava/lang/Object;)V",
      "Lorg/eclipse/ui/internal/CycleBaseHandler.addItems(Lorg/eclipse/swt/widgets/Table;Lorg/eclipse/ui/internal/WorkbenchPage;)V",
      "Lorg/eclipse/ui/internal/CycleBaseHandler.execute(Lorg/eclipse/core/commands/ExecutionEvent;)Ljava/lang/Object;",
      "Lorg/eclipse/ui/internal/CycleBaseHandler.getBackwardCommand()Lorg/eclipse/core/commands/ParameterizedCommand;",
      "Lorg/eclipse/ui/internal/CycleBaseHandler.getCurrentItemIndex()I",
      "Lorg/eclipse/ui/internal/CycleBaseHandler.getForwardCommand()Lorg/eclipse/core/commands/ParameterizedCommand;",
      "Lorg/eclipse/ui/internal/CycleBaseHandler.getTableHeader(Lorg/eclipse/ui/IWorkbenchPart;)Ljava/lang/String;",
      "Lorg/eclipse/ui/internal/CycleBaseHandler.setDialogLocation(Lorg/eclipse/swt/widgets/Shell;Lorg/eclipse/ui/IWorkbenchPart;)V"
    ]
  },
  {
    "frequency": 1,
    "overriddenMethods": [
      "Lorg/eclipse/core/commands/AbstractHandler.dispose()V",
      "Lorg/eclipse/ui/internal/CycleBaseHandler.addItems(Lorg/eclipse/swt/widgets/Table;Lorg/eclipse/ui/internal/WorkbenchPage;)V",
      "Lorg/eclipse/ui/internal/CycleBaseHandler.getBackwardCommand()Lorg/eclipse/core/commands/ParameterizedCommand;",
      "Lorg/eclipse/ui/internal/CycleBaseHandler.getForwardCommand()Lorg/eclipse/core/commands/ParameterizedCommand;",
      "Lorg/eclipse/ui/internal/CycleBaseHandler.getTableHeader(Lorg/eclipse/ui/IWorkbenchPart;)Ljava/lang/String;"
    ]
  },
  {
    "frequency": 2,
    "overriddenMethods": [
      "Lorg/eclipse/ui/internal/CycleBaseHandler.addItems(Lorg/eclipse/swt/widgets/Table;Lorg/eclipse/ui/internal/WorkbenchPage;)V",
      "Lorg/eclipse/ui/internal/CycleBaseHandler.getBackwardCommand()Lorg/eclipse/core/commands/ParameterizedCommand;",
      "Lorg/eclipse/ui/internal/CycleBaseHandler.getForwardCommand()Lorg/eclipse/core/commands/ParameterizedCommand;",
      "Lorg/eclipse/ui/internal/CycleBaseHandler.getTableHeader(Lorg/eclipse/ui/IWorkbenchPart;)Ljava/lang/String;"
    ]
  }
]