[
  {
    "frequency": 1,
    "overriddenMethods": []
  },
  {
    "frequency": 1,
    "overriddenMethods": [
      "Lorg/eclipse/ui/internal/PluginActionBuilder$BasicContribution.contribute(Lorg/eclipse/jface/action/IMenuManager;ZLorg/eclipse/jface/action/IToolBarManager;Z)V",
      "Lorg/eclipse/ui/internal/PluginActionBuilder$BasicContribution.dispose()V"
    ]
  },
  {
    "frequency": 1,
    "overriddenMethods": [
      "Lorg/eclipse/ui/internal/PluginActionBuilder$BasicContribution.dispose()V"
    ]
  },
  {
    "frequency": 1,
    "overriddenMethods": [
      "Lorg/eclipse/ui/internal/PluginActionBuilder$BasicContribution.addGroup(Lorg/eclipse/jface/action/IContributionManager;Ljava/lang/String;)V",
      "Lorg/eclipse/ui/internal/PluginActionBuilder$BasicContribution.insertAfter(Lorg/eclipse/jface/action/IContributionManager;Ljava/lang/String;Lorg/eclipse/jface/action/IContributionItem;)V",
      "Lorg/eclipse/ui/internal/PluginActionBuilder$BasicContribution.insertMenuGroup(Lorg/eclipse/jface/action/IMenuManager;Lorg/eclipse/jface/action/AbstractGroupMarker;)V"
    ]
  }
]