[
  {
    "frequency": 1,
    "overriddenMethods": [
      "Lorg/eclipse/jface/dialogs/Dialog.close()Z",
      "Lorg/eclipse/jface/dialogs/Dialog.createDialogArea(Lorg/eclipse/swt/widgets/Composite;)Lorg/eclipse/swt/widgets/Control;",
      "Lorg/eclipse/ui/dialogs/AbstractElementListSelectionDialog.handleDefaultSelected()V",
      "Lorg/eclipse/ui/dialogs/SelectionStatusDialog.computeResult()V",
      "Lorg/eclipse/ui/dialogs/SelectionStatusDialog.configureShell(Lorg/eclipse/swt/widgets/Shell;)V"
    ]
  },
  {
    "frequency": 1,
    "overriddenMethods": [
      "Lorg/eclipse/jface/dialogs/Dialog.buttonPressed(I)V",
      "Lorg/eclipse/jface/dialogs/Dialog.createDialogArea(Lorg/eclipse/swt/widgets/Composite;)Lorg/eclipse/swt/widgets/Control;",
      "Lorg/eclipse/ui/dialogs/AbstractElementListSelectionDialog.create()V",
      "Lorg/eclipse/ui/dialogs/AbstractElementListSelectionDialog.handleSelectionChanged()V",
      "Lorg/eclipse/ui/dialogs/SelectionDialog.createButtonsForButtonBar(Lorg/eclipse/swt/widgets/Composite;)V",
      "Lorg/eclipse/ui/dialogs/SelectionStatusDialog.computeResult()V"
    ]
  },
  {
    "frequency": 1,
    "overriddenMethods": [
      "Lorg/eclipse/jface/dialogs/Dialog.createDialogArea(Lorg/eclipse/swt/widgets/Composite;)Lorg/eclipse/swt/widgets/Control;",
      "Lorg/eclipse/ui/dialogs/AbstractElementListSelectionDialog.handleDefaultSelected()V",
      "Lorg/eclipse/ui/dialogs/AbstractElementListSelectionDialog.handleEmptyList()V",
      "Lorg/eclipse/ui/dialogs/AbstractElementListSelectionDialog.handleSelectionChanged()V",
      "Lorg/eclipse/ui/dialogs/AbstractElementListSelectionDialog.validateCurrentSelection()Z",
      "Lorg/eclipse/ui/dialogs/SelectionStatusDialog.computeResult()V"
    ]
  },
  {
    "frequency": 3,
    "overriddenMethods": [
      "Lorg/eclipse/jface/dialogs/Dialog.createDialogArea(Lorg/eclipse/swt/widgets/Composite;)Lorg/eclipse/swt/widgets/Control;",
      "Lorg/eclipse/ui/dialogs/SelectionStatusDialog.computeResult()V"
    ]
  },
  {
    "frequency": 1,
    "overriddenMethods": [
      "Lorg/eclipse/jface/dialogs/Dialog.createDialogArea(Lorg/eclipse/swt/widgets/Composite;)Lorg/eclipse/swt/widgets/Control;",
      "Lorg/eclipse/jface/dialogs/TrayDialog.close()Z",
      "Lorg/eclipse/ui/dialogs/AbstractElementListSelectionDialog.handleDefaultSelected()V",
      "Lorg/eclipse/ui/dialogs/AbstractElementListSelectionDialog.handleSelectionChanged()V",
      "Lorg/eclipse/ui/dialogs/SelectionStatusDialog.computeResult()V"
    ]
  },
  {
    "frequency": 1,
    "overriddenMethods": [
      "Lorg/eclipse/jface/dialogs/Dialog.buttonPressed(I)V",
      "Lorg/eclipse/jface/dialogs/Dialog.createDialogArea(Lorg/eclipse/swt/widgets/Composite;)Lorg/eclipse/swt/widgets/Control;",
      "Lorg/eclipse/jface/dialogs/Dialog.initializeBounds()V",
      "Lorg/eclipse/ui/dialogs/AbstractElementListSelectionDialog.createFilteredList(Lorg/eclipse/swt/widgets/Composite;)Lorg/eclipse/ui/dialogs/FilteredList;",
      "Lorg/eclipse/ui/dialogs/AbstractElementListSelectionDialog.createMessageArea(Lorg/eclipse/swt/widgets/Composite;)Lorg/eclipse/swt/widgets/Label;",
      "Lorg/eclipse/ui/dialogs/AbstractElementListSelectionDialog.handleDefaultSelected()V",
      "Lorg/eclipse/ui/dialogs/AbstractElementListSelectionDialog.open()I",
      "Lorg/eclipse/ui/dialogs/SelectionDialog.createButtonsForButtonBar(Lorg/eclipse/swt/widgets/Composite;)V",
      "Lorg/eclipse/ui/dialogs/SelectionStatusDialog.computeResult()V",
      "Lorg/eclipse/ui/dialogs/SelectionStatusDialog.updateButtonsEnableState(Lorg/eclipse/core/runtime/IStatus;)V"
    ]
  },
  {
    "frequency": 1,
    "overriddenMethods": [
      "Lorg/eclipse/jface/dialogs/Dialog.buttonPressed(I)V",
      "Lorg/eclipse/jface/dialogs/Dialog.createDialogArea(Lorg/eclipse/swt/widgets/Composite;)Lorg/eclipse/swt/widgets/Control;",
      "Lorg/eclipse/ui/dialogs/AbstractElementListSelectionDialog.createFilteredList(Lorg/eclipse/swt/widgets/Composite;)Lorg/eclipse/ui/dialogs/FilteredList;",
      "Lorg/eclipse/ui/dialogs/AbstractElementListSelectionDialog.createMessageArea(Lorg/eclipse/swt/widgets/Composite;)Lorg/eclipse/swt/widgets/Label;",
      "Lorg/eclipse/ui/dialogs/AbstractElementListSelectionDialog.handleDefaultSelected()V",
      "Lorg/eclipse/ui/dialogs/AbstractElementListSelectionDialog.open()I",
      "Lorg/eclipse/ui/dialogs/SelectionDialog.createButtonsForButtonBar(Lorg/eclipse/swt/widgets/Composite;)V",
      "Lorg/eclipse/ui/dialogs/SelectionStatusDialog.computeResult()V",
      "Lorg/eclipse/ui/dialogs/SelectionStatusDialog.updateButtonsEnableState(Lorg/eclipse/core/runtime/IStatus;)V"
    ]
  }
]