[
  {
    "frequency": 1,
    "overriddenMethods": []
  },
  {
    "frequency": 1,
    "overriddenMethods": [
      "Lorg/eclipse/ui/dialogs/CheckedTreeSelectionDialog.getTreeViewer()Lorg/eclipse/jface/viewers/CheckboxTreeViewer;"
    ]
  },
  {
    "frequency": 1,
    "overriddenMethods": [
      "Lorg/eclipse/jface/dialogs/Dialog.buttonPressed(I)V",
      "Lorg/eclipse/jface/dialogs/TrayDialog.close()Z",
      "Lorg/eclipse/ui/dialogs/CheckedTreeSelectionDialog.create()V",
      "Lorg/eclipse/ui/dialogs/CheckedTreeSelectionDialog.createDialogArea(Lorg/eclipse/swt/widgets/Composite;)Lorg/eclipse/swt/widgets/Control;",
      "Lorg/eclipse/ui/dialogs/CheckedTreeSelectionDialog.createSelectionButtons(Lorg/eclipse/swt/widgets/Composite;)Lorg/eclipse/swt/widgets/Composite;",
      "Lorg/eclipse/ui/dialogs/CheckedTreeSelectionDialog.setSize(II)V",
      "Lorg/eclipse/ui/dialogs/SelectionDialog.createMessageArea(Lorg/eclipse/swt/widgets/Composite;)Lorg/eclipse/swt/widgets/Label;"
    ]
  },
  {
    "frequency": 1,
    "overriddenMethods": [
      "Lorg/eclipse/jface/dialogs/Dialog.createContents(Lorg/eclipse/swt/widgets/Composite;)Lorg/eclipse/swt/widgets/Control;",
      "Lorg/eclipse/ui/dialogs/CheckedTreeSelectionDialog.createSelectionButtons(Lorg/eclipse/swt/widgets/Composite;)Lorg/eclipse/swt/widgets/Composite;",
      "Lorg/eclipse/ui/dialogs/SelectionDialog.createMessageArea(Lorg/eclipse/swt/widgets/Composite;)Lorg/eclipse/swt/widgets/Label;",
      "Lorg/eclipse/ui/dialogs/SelectionDialog.setInitialElementSelections(Ljava/util/List;)V",
      "Lorg/eclipse/ui/dialogs/SelectionDialog.setInitialSelections([Ljava/lang/Object;)V"
    ]
  },
  {
    "frequency": 1,
    "overriddenMethods": [
      "Lorg/eclipse/ui/dialogs/CheckedTreeSelectionDialog.createTreeViewer(Lorg/eclipse/swt/widgets/Composite;)Lorg/eclipse/jface/viewers/CheckboxTreeViewer;"
    ]
  },
  {
    "frequency": 1,
    "overriddenMethods": [
      "Lorg/eclipse/jface/dialogs/Dialog.buttonPressed(I)V",
      "Lorg/eclipse/jface/dialogs/TrayDialog.close()Z",
      "Lorg/eclipse/ui/dialogs/CheckedTreeSelectionDialog.create()V",
      "Lorg/eclipse/ui/dialogs/CheckedTreeSelectionDialog.createDialogArea(Lorg/eclipse/swt/widgets/Composite;)Lorg/eclipse/swt/widgets/Control;",
      "Lorg/eclipse/ui/dialogs/CheckedTreeSelectionDialog.createSelectionButtons(Lorg/eclipse/swt/widgets/Composite;)Lorg/eclipse/swt/widgets/Composite;",
      "Lorg/eclipse/ui/dialogs/CheckedTreeSelectionDialog.setSize(II)V",
      "Lorg/eclipse/ui/dialogs/SelectionDialog.createMessageArea(Lorg/eclipse/swt/widgets/Composite;)Lorg/eclipse/swt/widgets/Label;",
      "Lorg/eclipse/ui/dialogs/SelectionDialog.getDialogBoundsSettings()Lorg/eclipse/jface/dialogs/IDialogSettings;"
    ]
  },
  {
    "frequency": 1,
    "overriddenMethods": [
      "Lorg/eclipse/ui/dialogs/CheckedTreeSelectionDialog.createDialogArea(Lorg/eclipse/swt/widgets/Composite;)Lorg/eclipse/swt/widgets/Control;",
      "Lorg/eclipse/ui/dialogs/SelectionDialog.createMessageArea(Lorg/eclipse/swt/widgets/Composite;)Lorg/eclipse/swt/widgets/Label;",
      "Lorg/eclipse/ui/dialogs/SelectionStatusDialog.createButtonBar(Lorg/eclipse/swt/widgets/Composite;)Lorg/eclipse/swt/widgets/Control;"
    ]
  },
  {
    "frequency": 1,
    "overriddenMethods": [
      "Lorg/eclipse/ui/dialogs/CheckedTreeSelectionDialog.createDialogArea(Lorg/eclipse/swt/widgets/Composite;)Lorg/eclipse/swt/widgets/Control;"
    ]
  },
  {
    "frequency": 1,
    "overriddenMethods": [
      "Lorg/eclipse/ui/dialogs/CheckedTreeSelectionDialog.computeResult()V",
      "Lorg/eclipse/ui/dialogs/CheckedTreeSelectionDialog.createDialogArea(Lorg/eclipse/swt/widgets/Composite;)Lorg/eclipse/swt/widgets/Control;",
      "Lorg/eclipse/ui/dialogs/CheckedTreeSelectionDialog.createTreeViewer(Lorg/eclipse/swt/widgets/Composite;)Lorg/eclipse/jface/viewers/CheckboxTreeViewer;"
    ]
  },
  {
    "frequency": 1,
    "overriddenMethods": [
      "Lorg/eclipse/jface/dialogs/TrayDialog.close()Z",
      "Lorg/eclipse/ui/dialogs/CheckedTreeSelectionDialog.open()I"
    ]
  },
  {
    "frequency": 1,
    "overriddenMethods": [
      "Lorg/eclipse/jface/dialogs/Dialog.createButton(Lorg/eclipse/swt/widgets/Composite;ILjava/lang/String;Z)Lorg/eclipse/swt/widgets/Button;",
      "Lorg/eclipse/ui/dialogs/CheckedTreeSelectionDialog.createTreeViewer(Lorg/eclipse/swt/widgets/Composite;)Lorg/eclipse/jface/viewers/CheckboxTreeViewer;"
    ]
  },
  {
    "frequency": 1,
    "overriddenMethods": [
      "Lorg/eclipse/jface/dialogs/Dialog.close()Z",
      "Lorg/eclipse/ui/dialogs/CheckedTreeSelectionDialog.open()I"
    ]
  }
]