[
  {
    "frequency": 20,
    "overriddenMethods": []
  },
  {
    "frequency": 1,
    "overriddenMethods": [
      "Lorg/eclipse/ui/dialogs/ElementTreeSelectionDialog.computeResult()V",
      "Lorg/eclipse/ui/dialogs/ElementTreeSelectionDialog.createDialogArea(Lorg/eclipse/swt/widgets/Composite;)Lorg/eclipse/swt/widgets/Control;",
      "Lorg/eclipse/ui/dialogs/ElementTreeSelectionDialog.doCreateTreeViewer(Lorg/eclipse/swt/widgets/Composite;I)Lorg/eclipse/jface/viewers/TreeViewer;"
    ]
  },
  {
    "frequency": 4,
    "overriddenMethods": [
      "Lorg/eclipse/ui/dialogs/ElementTreeSelectionDialog.doCreateTreeViewer(Lorg/eclipse/swt/widgets/Composite;I)Lorg/eclipse/jface/viewers/TreeViewer;"
    ]
  },
  {
    "frequency": 1,
    "overriddenMethods": [
      "Lorg/eclipse/ui/dialogs/ElementTreeSelectionDialog.createDialogArea(Lorg/eclipse/swt/widgets/Composite;)Lorg/eclipse/swt/widgets/Control;",
      "Lorg/eclipse/ui/dialogs/ElementTreeSelectionDialog.createTreeViewer(Lorg/eclipse/swt/widgets/Composite;)Lorg/eclipse/jface/viewers/TreeViewer;",
      "Lorg/eclipse/ui/dialogs/ElementTreeSelectionDialog.updateOKStatus()V",
      "Lorg/eclipse/ui/dialogs/SelectionDialog.createMessageArea(Lorg/eclipse/swt/widgets/Composite;)Lorg/eclipse/swt/widgets/Label;"
    ]
  },
  {
    "frequency": 1,
    "overriddenMethods": [
      "Lorg/eclipse/ui/dialogs/ElementTreeSelectionDialog.doCreateTreeViewer(Lorg/eclipse/swt/widgets/Composite;I)Lorg/eclipse/jface/viewers/TreeViewer;",
      "Lorg/eclipse/ui/dialogs/ElementTreeSelectionDialog.getTreeViewer()Lorg/eclipse/jface/viewers/TreeViewer;",
      "Lorg/eclipse/ui/dialogs/ElementTreeSelectionDialog.setInput(Ljava/lang/Object;)V"
    ]
  },
  {
    "frequency": 1,
    "overriddenMethods": [
      "Lorg/eclipse/ui/dialogs/ElementTreeSelectionDialog.createDialogArea(Lorg/eclipse/swt/widgets/Composite;)Lorg/eclipse/swt/widgets/Control;",
      "Lorg/eclipse/ui/dialogs/ElementTreeSelectionDialog.updateOKStatus()V"
    ]
  },
  {
    "frequency": 2,
    "overriddenMethods": [
      "Lorg/eclipse/ui/dialogs/ElementTreeSelectionDialog.createDialogArea(Lorg/eclipse/swt/widgets/Composite;)Lorg/eclipse/swt/widgets/Control;",
      "Lorg/eclipse/ui/dialogs/SelectionDialog.createMessageArea(Lorg/eclipse/swt/widgets/Composite;)Lorg/eclipse/swt/widgets/Label;",
      "Lorg/eclipse/ui/dialogs/SelectionStatusDialog.okPressed()V"
    ]
  },
  {
    "frequency": 1,
    "overriddenMethods": [
      "Lorg/eclipse/jface/dialogs/TrayDialog.close()Z",
      "Lorg/eclipse/ui/dialogs/ElementTreeSelectionDialog.createDialogArea(Lorg/eclipse/swt/widgets/Composite;)Lorg/eclipse/swt/widgets/Control;"
    ]
  },
  {
    "frequency": 2,
    "overriddenMethods": [
      "Lorg/eclipse/ui/dialogs/ElementTreeSelectionDialog.create()V"
    ]
  },
  {
    "frequency": 1,
    "overriddenMethods": [
      "Lorg/eclipse/ui/dialogs/ElementTreeSelectionDialog.createDialogArea(Lorg/eclipse/swt/widgets/Composite;)Lorg/eclipse/swt/widgets/Control;",
      "Lorg/eclipse/ui/dialogs/ElementTreeSelectionDialog.open()I",
      "Lorg/eclipse/ui/dialogs/ElementTreeSelectionDialog.setValidator(Lorg/eclipse/ui/dialogs/ISelectionStatusValidator;)V",
      "Lorg/eclipse/ui/dialogs/ElementTreeSelectionDialog.updateOKStatus()V"
    ]
  },
  {
    "frequency": 3,
    "overriddenMethods": [
      "Lorg/eclipse/ui/dialogs/ElementTreeSelectionDialog.createTreeViewer(Lorg/eclipse/swt/widgets/Composite;)Lorg/eclipse/jface/viewers/TreeViewer;"
    ]
  },
  {
    "frequency": 1,
    "overriddenMethods": [
      "Lorg/eclipse/ui/dialogs/ElementTreeSelectionDialog.create()V",
      "Lorg/eclipse/ui/dialogs/ElementTreeSelectionDialog.createDialogArea(Lorg/eclipse/swt/widgets/Composite;)Lorg/eclipse/swt/widgets/Control;"
    ]
  },
  {
    "frequency": 2,
    "overriddenMethods": [
      "Lorg/eclipse/ui/dialogs/ElementTreeSelectionDialog.createDialogArea(Lorg/eclipse/swt/widgets/Composite;)Lorg/eclipse/swt/widgets/Control;",
      "Lorg/eclipse/ui/dialogs/SelectionStatusDialog.configureShell(Lorg/eclipse/swt/widgets/Shell;)V"
    ]
  },
  {
    "frequency": 1,
    "overriddenMethods": [
      "Lorg/eclipse/ui/dialogs/ElementTreeSelectionDialog.setInput(Ljava/lang/Object;)V"
    ]
  },
  {
    "frequency": 1,
    "overriddenMethods": [
      "Lorg/eclipse/ui/dialogs/SelectionDialog.createMessageArea(Lorg/eclipse/swt/widgets/Composite;)Lorg/eclipse/swt/widgets/Label;",
      "Lorg/eclipse/ui/dialogs/SelectionStatusDialog.updateStatus(Lorg/eclipse/core/runtime/IStatus;)V"
    ]
  },
  {
    "frequency": 1,
    "overriddenMethods": [
      "Lorg/eclipse/ui/dialogs/ElementTreeSelectionDialog.addFilter(Lorg/eclipse/jface/viewers/ViewerFilter;)V",
      "Lorg/eclipse/ui/dialogs/ElementTreeSelectionDialog.createDialogArea(Lorg/eclipse/swt/widgets/Composite;)Lorg/eclipse/swt/widgets/Control;"
    ]
  },
  {
    "frequency": 1,
    "overriddenMethods": [
      "Lorg/eclipse/ui/dialogs/ElementTreeSelectionDialog.createDialogArea(Lorg/eclipse/swt/widgets/Composite;)Lorg/eclipse/swt/widgets/Control;",
      "Lorg/eclipse/ui/dialogs/SelectionStatusDialog.createButtonBar(Lorg/eclipse/swt/widgets/Composite;)Lorg/eclipse/swt/widgets/Control;"
    ]
  },
  {
    "frequency": 2,
    "overriddenMethods": [
      "Lorg/eclipse/ui/dialogs/ElementTreeSelectionDialog.create()V",
      "Lorg/eclipse/ui/dialogs/ElementTreeSelectionDialog.doCreateTreeViewer(Lorg/eclipse/swt/widgets/Composite;I)Lorg/eclipse/jface/viewers/TreeViewer;",
      "Lorg/eclipse/ui/dialogs/ElementTreeSelectionDialog.setInput(Ljava/lang/Object;)V"
    ]
  },
  {
    "frequency": 2,
    "overriddenMethods": [
      "Lorg/eclipse/ui/dialogs/ElementTreeSelectionDialog.createDialogArea(Lorg/eclipse/swt/widgets/Composite;)Lorg/eclipse/swt/widgets/Control;",
      "Lorg/eclipse/ui/dialogs/SelectionStatusDialog.okPressed()V"
    ]
  },
  {
    "frequency": 2,
    "overriddenMethods": [
      "Lorg/eclipse/jface/dialogs/Dialog.buttonPressed(I)V",
      "Lorg/eclipse/ui/dialogs/SelectionDialog.createButtonsForButtonBar(Lorg/eclipse/swt/widgets/Composite;)V"
    ]
  },
  {
    "frequency": 1,
    "overriddenMethods": [
      "Lorg/eclipse/jface/dialogs/TrayDialog.isHelpAvailable()Z",
      "Lorg/eclipse/ui/dialogs/ElementTreeSelectionDialog.computeResult()V",
      "Lorg/eclipse/ui/dialogs/ElementTreeSelectionDialog.createDialogArea(Lorg/eclipse/swt/widgets/Composite;)Lorg/eclipse/swt/widgets/Control;",
      "Lorg/eclipse/ui/dialogs/ElementTreeSelectionDialog.open()I",
      "Lorg/eclipse/ui/dialogs/SelectionDialog.createMessageArea(Lorg/eclipse/swt/widgets/Composite;)Lorg/eclipse/swt/widgets/Label;",
      "Lorg/eclipse/ui/dialogs/SelectionStatusDialog.createButtonBar(Lorg/eclipse/swt/widgets/Composite;)Lorg/eclipse/swt/widgets/Control;"
    ]
  },
  {
    "frequency": 1,
    "overriddenMethods": [
      "Lorg/eclipse/jface/dialogs/Dialog.buttonPressed(I)V",
      "Lorg/eclipse/ui/dialogs/ElementTreeSelectionDialog.createTreeViewer(Lorg/eclipse/swt/widgets/Composite;)Lorg/eclipse/jface/viewers/TreeViewer;"
    ]
  },
  {
    "frequency": 1,
    "overriddenMethods": [
      "Lorg/eclipse/ui/dialogs/ElementTreeSelectionDialog.createDialogArea(Lorg/eclipse/swt/widgets/Composite;)Lorg/eclipse/swt/widgets/Control;",
      "Lorg/eclipse/ui/dialogs/ElementTreeSelectionDialog.setInput(Ljava/lang/Object;)V",
      "Lorg/eclipse/ui/dialogs/SelectionDialog.createMessageArea(Lorg/eclipse/swt/widgets/Composite;)Lorg/eclipse/swt/widgets/Label;"
    ]
  },
  {
    "frequency": 23,
    "overriddenMethods": [
      "Lorg/eclipse/ui/dialogs/ElementTreeSelectionDialog.createDialogArea(Lorg/eclipse/swt/widgets/Composite;)Lorg/eclipse/swt/widgets/Control;"
    ]
  },
  {
    "frequency": 1,
    "overriddenMethods": [
      "Lorg/eclipse/ui/dialogs/ElementTreeSelectionDialog.createTreeViewer(Lorg/eclipse/swt/widgets/Composite;)Lorg/eclipse/jface/viewers/TreeViewer;",
      "Lorg/eclipse/ui/dialogs/ElementTreeSelectionDialog.updateOKStatus()V"
    ]
  },
  {
    "frequency": 1,
    "overriddenMethods": [
      "Lorg/eclipse/ui/dialogs/ElementTreeSelectionDialog.computeResult()V",
      "Lorg/eclipse/ui/dialogs/ElementTreeSelectionDialog.createDialogArea(Lorg/eclipse/swt/widgets/Composite;)Lorg/eclipse/swt/widgets/Control;",
      "Lorg/eclipse/ui/dialogs/SelectionStatusDialog.okPressed()V"
    ]
  }
]