[
  {
    "frequency": 3,
    "overriddenMethods": []
  },
  {
    "frequency": 2,
    "overriddenMethods": [
      "Lorg/eclipse/ui/dialogs/FileSystemElement.getFiles()Lorg/eclipse/ui/model/AdaptableList;",
      "Lorg/eclipse/ui/dialogs/FileSystemElement.getFolders()Lorg/eclipse/ui/model/AdaptableList;"
    ]
  },
  {
    "frequency": 1,
    "overriddenMethods": [
      "Lorg/eclipse/ui/dialogs/FileSystemElement.getFileSystemObject()Ljava/lang/Object;",
      "Lorg/eclipse/ui/dialogs/FileSystemElement.getFiles()Lorg/eclipse/ui/model/AdaptableList;",
      "Lorg/eclipse/ui/dialogs/FileSystemElement.getFolders()Lorg/eclipse/ui/model/AdaptableList;"
    ]
  }
]