[
  {
    "frequency": 1,
    "overriddenMethods": [
      "Lorg/eclipse/jface/window/Window.open()I",
      "Lorg/eclipse/ui/dialogs/FilteredItemsSelectionDialog.createExtendedContentArea(Lorg/eclipse/swt/widgets/Composite;)Lorg/eclipse/swt/widgets/Control;",
      "Lorg/eclipse/ui/dialogs/FilteredItemsSelectionDialog.createFilter()Lorg/eclipse/ui/dialogs/FilteredItemsSelectionDialog$ItemsFilter;",
      "Lorg/eclipse/ui/dialogs/FilteredItemsSelectionDialog.fillContentProvider(Lorg/eclipse/ui/dialogs/FilteredItemsSelectionDialog$AbstractContentProvider;Lorg/eclipse/ui/dialogs/FilteredItemsSelectionDialog$ItemsFilter;Lorg/eclipse/core/runtime/IProgressMonitor;)V",
      "Lorg/eclipse/ui/dialogs/FilteredItemsSelectionDialog.fillViewMenu(Lorg/eclipse/jface/action/IMenuManager;)V",
      "Lorg/eclipse/ui/dialogs/FilteredItemsSelectionDialog.getDialogSettings()Lorg/eclipse/jface/dialogs/IDialogSettings;",
      "Lorg/eclipse/ui/dialogs/FilteredItemsSelectionDialog.getElementName(Ljava/lang/Object;)Ljava/lang/String;",
      "Lorg/eclipse/ui/dialogs/FilteredItemsSelectionDialog.getItemsComparator()Ljava/util/Comparator;",
      "Lorg/eclipse/ui/dialogs/FilteredItemsSelectionDialog.restoreDialog(Lorg/eclipse/jface/dialogs/IDialogSettings;)V",
      "Lorg/eclipse/ui/dialogs/FilteredItemsSelectionDialog.storeDialog(Lorg/eclipse/jface/dialogs/IDialogSettings;)V",
      "Lorg/eclipse/ui/dialogs/FilteredItemsSelectionDialog.validateItem(Ljava/lang/Object;)Lorg/eclipse/core/runtime/IStatus;",
      "Lorg/eclipse/ui/dialogs/SelectionDialog.setTitle(Ljava/lang/String;)V"
    ]
  },
  {
    "frequency": 1,
    "overriddenMethods": [
      "Lorg/eclipse/jface/window/Window.open()I",
      "Lorg/eclipse/ui/dialogs/FilteredItemsSelectionDialog.applyFilter()V",
      "Lorg/eclipse/ui/dialogs/FilteredItemsSelectionDialog.createExtendedContentArea(Lorg/eclipse/swt/widgets/Composite;)Lorg/eclipse/swt/widgets/Control;",
      "Lorg/eclipse/ui/dialogs/FilteredItemsSelectionDialog.createFilter()Lorg/eclipse/ui/dialogs/FilteredItemsSelectionDialog$ItemsFilter;",
      "Lorg/eclipse/ui/dialogs/FilteredItemsSelectionDialog.fillContentProvider(Lorg/eclipse/ui/dialogs/FilteredItemsSelectionDialog$AbstractContentProvider;Lorg/eclipse/ui/dialogs/FilteredItemsSelectionDialog$ItemsFilter;Lorg/eclipse/core/runtime/IProgressMonitor;)V",
      "Lorg/eclipse/ui/dialogs/FilteredItemsSelectionDialog.fillViewMenu(Lorg/eclipse/jface/action/IMenuManager;)V",
      "Lorg/eclipse/ui/dialogs/FilteredItemsSelectionDialog.getDialogSettings()Lorg/eclipse/jface/dialogs/IDialogSettings;",
      "Lorg/eclipse/ui/dialogs/FilteredItemsSelectionDialog.getElementName(Ljava/lang/Object;)Ljava/lang/String;",
      "Lorg/eclipse/ui/dialogs/FilteredItemsSelectionDialog.getItemsComparator()Ljava/util/Comparator;",
      "Lorg/eclipse/ui/dialogs/FilteredItemsSelectionDialog.restoreDialog(Lorg/eclipse/jface/dialogs/IDialogSettings;)V",
      "Lorg/eclipse/ui/dialogs/FilteredItemsSelectionDialog.storeDialog(Lorg/eclipse/jface/dialogs/IDialogSettings;)V",
      "Lorg/eclipse/ui/dialogs/FilteredItemsSelectionDialog.validateItem(Ljava/lang/Object;)Lorg/eclipse/core/runtime/IStatus;",
      "Lorg/eclipse/ui/dialogs/SelectionDialog.getResult()[Ljava/lang/Object;",
      "Lorg/eclipse/ui/dialogs/SelectionDialog.setTitle(Ljava/lang/String;)V",
      "Lorg/eclipse/ui/dialogs/SelectionStatusDialog.configureShell(Lorg/eclipse/swt/widgets/Shell;)V"
    ]
  },
  {
    "frequency": 1,
    "overriddenMethods": [
      "Lorg/eclipse/ui/dialogs/FilteredItemsSelectionDialog.createExtendedContentArea(Lorg/eclipse/swt/widgets/Composite;)Lorg/eclipse/swt/widgets/Control;",
      "Lorg/eclipse/ui/dialogs/FilteredItemsSelectionDialog.createFilter()Lorg/eclipse/ui/dialogs/FilteredItemsSelectionDialog$ItemsFilter;",
      "Lorg/eclipse/ui/dialogs/FilteredItemsSelectionDialog.fillContentProvider(Lorg/eclipse/ui/dialogs/FilteredItemsSelectionDialog$AbstractContentProvider;Lorg/eclipse/ui/dialogs/FilteredItemsSelectionDialog$ItemsFilter;Lorg/eclipse/core/runtime/IProgressMonitor;)V",
      "Lorg/eclipse/ui/dialogs/FilteredItemsSelectionDialog.fillViewMenu(Lorg/eclipse/jface/action/IMenuManager;)V",
      "Lorg/eclipse/ui/dialogs/FilteredItemsSelectionDialog.getDialogSettings()Lorg/eclipse/jface/dialogs/IDialogSettings;",
      "Lorg/eclipse/ui/dialogs/FilteredItemsSelectionDialog.getElementName(Ljava/lang/Object;)Ljava/lang/String;",
      "Lorg/eclipse/ui/dialogs/FilteredItemsSelectionDialog.getItemsComparator()Ljava/util/Comparator;",
      "Lorg/eclipse/ui/dialogs/FilteredItemsSelectionDialog.restoreDialog(Lorg/eclipse/jface/dialogs/IDialogSettings;)V",
      "Lorg/eclipse/ui/dialogs/FilteredItemsSelectionDialog.storeDialog(Lorg/eclipse/jface/dialogs/IDialogSettings;)V",
      "Lorg/eclipse/ui/dialogs/FilteredItemsSelectionDialog.validateItem(Ljava/lang/Object;)Lorg/eclipse/core/runtime/IStatus;"
    ]
  },
  {
    "frequency": 1,
    "overriddenMethods": [
      "Lorg/eclipse/ui/dialogs/FilteredItemsSelectionDialog.close()Z",
      "Lorg/eclipse/ui/dialogs/FilteredItemsSelectionDialog.createExtendedContentArea(Lorg/eclipse/swt/widgets/Composite;)Lorg/eclipse/swt/widgets/Control;",
      "Lorg/eclipse/ui/dialogs/FilteredItemsSelectionDialog.createFilter()Lorg/eclipse/ui/dialogs/FilteredItemsSelectionDialog$ItemsFilter;",
      "Lorg/eclipse/ui/dialogs/FilteredItemsSelectionDialog.fillContentProvider(Lorg/eclipse/ui/dialogs/FilteredItemsSelectionDialog$AbstractContentProvider;Lorg/eclipse/ui/dialogs/FilteredItemsSelectionDialog$ItemsFilter;Lorg/eclipse/core/runtime/IProgressMonitor;)V",
      "Lorg/eclipse/ui/dialogs/FilteredItemsSelectionDialog.fillViewMenu(Lorg/eclipse/jface/action/IMenuManager;)V",
      "Lorg/eclipse/ui/dialogs/FilteredItemsSelectionDialog.getDialogSettings()Lorg/eclipse/jface/dialogs/IDialogSettings;",
      "Lorg/eclipse/ui/dialogs/FilteredItemsSelectionDialog.getElementName(Ljava/lang/Object;)Ljava/lang/String;",
      "Lorg/eclipse/ui/dialogs/FilteredItemsSelectionDialog.getItemsComparator()Ljava/util/Comparator;",
      "Lorg/eclipse/ui/dialogs/FilteredItemsSelectionDialog.restoreDialog(Lorg/eclipse/jface/dialogs/IDialogSettings;)V",
      "Lorg/eclipse/ui/dialogs/FilteredItemsSelectionDialog.storeDialog(Lorg/eclipse/jface/dialogs/IDialogSettings;)V",
      "Lorg/eclipse/ui/dialogs/FilteredItemsSelectionDialog.validateItem(Ljava/lang/Object;)Lorg/eclipse/core/runtime/IStatus;",
      "Lorg/eclipse/ui/dialogs/SelectionStatusDialog.createButtonBar(Lorg/eclipse/swt/widgets/Composite;)Lorg/eclipse/swt/widgets/Control;"
    ]
  },
  {
    "frequency": 1,
    "overriddenMethods": [
      "Lorg/eclipse/jface/window/Window.open()I",
      "Lorg/eclipse/ui/dialogs/FilteredItemsSelectionDialog.createExtendedContentArea(Lorg/eclipse/swt/widgets/Composite;)Lorg/eclipse/swt/widgets/Control;",
      "Lorg/eclipse/ui/dialogs/FilteredItemsSelectionDialog.createFilter()Lorg/eclipse/ui/dialogs/FilteredItemsSelectionDialog$ItemsFilter;",
      "Lorg/eclipse/ui/dialogs/FilteredItemsSelectionDialog.fillContentProvider(Lorg/eclipse/ui/dialogs/FilteredItemsSelectionDialog$AbstractContentProvider;Lorg/eclipse/ui/dialogs/FilteredItemsSelectionDialog$ItemsFilter;Lorg/eclipse/core/runtime/IProgressMonitor;)V",
      "Lorg/eclipse/ui/dialogs/FilteredItemsSelectionDialog.getDialogSettings()Lorg/eclipse/jface/dialogs/IDialogSettings;",
      "Lorg/eclipse/ui/dialogs/FilteredItemsSelectionDialog.getElementName(Ljava/lang/Object;)Ljava/lang/String;",
      "Lorg/eclipse/ui/dialogs/FilteredItemsSelectionDialog.getItemsComparator()Ljava/util/Comparator;",
      "Lorg/eclipse/ui/dialogs/FilteredItemsSelectionDialog.validateItem(Ljava/lang/Object;)Lorg/eclipse/core/runtime/IStatus;"
    ]
  },
  {
    "frequency": 1,
    "overriddenMethods": [
      "Lorg/eclipse/jface/window/Window.open()I",
      "Lorg/eclipse/ui/dialogs/FilteredItemsSelectionDialog.close()Z",
      "Lorg/eclipse/ui/dialogs/FilteredItemsSelectionDialog.createExtendedContentArea(Lorg/eclipse/swt/widgets/Composite;)Lorg/eclipse/swt/widgets/Control;",
      "Lorg/eclipse/ui/dialogs/FilteredItemsSelectionDialog.createFilter()Lorg/eclipse/ui/dialogs/FilteredItemsSelectionDialog$ItemsFilter;",
      "Lorg/eclipse/ui/dialogs/FilteredItemsSelectionDialog.fillContentProvider(Lorg/eclipse/ui/dialogs/FilteredItemsSelectionDialog$AbstractContentProvider;Lorg/eclipse/ui/dialogs/FilteredItemsSelectionDialog$ItemsFilter;Lorg/eclipse/core/runtime/IProgressMonitor;)V",
      "Lorg/eclipse/ui/dialogs/FilteredItemsSelectionDialog.getDialogSettings()Lorg/eclipse/jface/dialogs/IDialogSettings;",
      "Lorg/eclipse/ui/dialogs/FilteredItemsSelectionDialog.getElementName(Ljava/lang/Object;)Ljava/lang/String;",
      "Lorg/eclipse/ui/dialogs/FilteredItemsSelectionDialog.getItemsComparator()Ljava/util/Comparator;",
      "Lorg/eclipse/ui/dialogs/FilteredItemsSelectionDialog.okPressed()V",
      "Lorg/eclipse/ui/dialogs/FilteredItemsSelectionDialog.validateItem(Ljava/lang/Object;)Lorg/eclipse/core/runtime/IStatus;"
    ]
  },
  {
    "frequency": 2,
    "overriddenMethods": [
      "Lorg/eclipse/ui/dialogs/FilteredItemsSelectionDialog.close()Z",
      "Lorg/eclipse/ui/dialogs/FilteredItemsSelectionDialog.createExtendedContentArea(Lorg/eclipse/swt/widgets/Composite;)Lorg/eclipse/swt/widgets/Control;",
      "Lorg/eclipse/ui/dialogs/FilteredItemsSelectionDialog.createFilter()Lorg/eclipse/ui/dialogs/FilteredItemsSelectionDialog$ItemsFilter;",
      "Lorg/eclipse/ui/dialogs/FilteredItemsSelectionDialog.fillContentProvider(Lorg/eclipse/ui/dialogs/FilteredItemsSelectionDialog$AbstractContentProvider;Lorg/eclipse/ui/dialogs/FilteredItemsSelectionDialog$ItemsFilter;Lorg/eclipse/core/runtime/IProgressMonitor;)V",
      "Lorg/eclipse/ui/dialogs/FilteredItemsSelectionDialog.getDialogSettings()Lorg/eclipse/jface/dialogs/IDialogSettings;",
      "Lorg/eclipse/ui/dialogs/FilteredItemsSelectionDialog.getElementName(Ljava/lang/Object;)Ljava/lang/String;",
      "Lorg/eclipse/ui/dialogs/FilteredItemsSelectionDialog.getItemsComparator()Ljava/util/Comparator;",
      "Lorg/eclipse/ui/dialogs/FilteredItemsSelectionDialog.validateItem(Ljava/lang/Object;)Lorg/eclipse/core/runtime/IStatus;",
      "Lorg/eclipse/ui/dialogs/SelectionStatusDialog.configureShell(Lorg/eclipse/swt/widgets/Shell;)V"
    ]
  },
  {
    "frequency": 1,
    "overriddenMethods": [
      "Lorg/eclipse/jface/window/Window.open()I",
      "Lorg/eclipse/ui/dialogs/FilteredItemsSelectionDialog.create()V",
      "Lorg/eclipse/ui/dialogs/FilteredItemsSelectionDialog.createExtendedContentArea(Lorg/eclipse/swt/widgets/Composite;)Lorg/eclipse/swt/widgets/Control;",
      "Lorg/eclipse/ui/dialogs/FilteredItemsSelectionDialog.createFilter()Lorg/eclipse/ui/dialogs/FilteredItemsSelectionDialog$ItemsFilter;",
      "Lorg/eclipse/ui/dialogs/FilteredItemsSelectionDialog.fillContentProvider(Lorg/eclipse/ui/dialogs/FilteredItemsSelectionDialog$AbstractContentProvider;Lorg/eclipse/ui/dialogs/FilteredItemsSelectionDialog$ItemsFilter;Lorg/eclipse/core/runtime/IProgressMonitor;)V",
      "Lorg/eclipse/ui/dialogs/FilteredItemsSelectionDialog.fillViewMenu(Lorg/eclipse/jface/action/IMenuManager;)V",
      "Lorg/eclipse/ui/dialogs/FilteredItemsSelectionDialog.getDialogSettings()Lorg/eclipse/jface/dialogs/IDialogSettings;",
      "Lorg/eclipse/ui/dialogs/FilteredItemsSelectionDialog.getElementName(Ljava/lang/Object;)Ljava/lang/String;",
      "Lorg/eclipse/ui/dialogs/FilteredItemsSelectionDialog.getItemsComparator()Ljava/util/Comparator;",
      "Lorg/eclipse/ui/dialogs/FilteredItemsSelectionDialog.reloadCache(ZLorg/eclipse/core/runtime/IProgressMonitor;)V",
      "Lorg/eclipse/ui/dialogs/FilteredItemsSelectionDialog.restoreDialog(Lorg/eclipse/jface/dialogs/IDialogSettings;)V",
      "Lorg/eclipse/ui/dialogs/FilteredItemsSelectionDialog.storeDialog(Lorg/eclipse/jface/dialogs/IDialogSettings;)V",
      "Lorg/eclipse/ui/dialogs/FilteredItemsSelectionDialog.validateItem(Ljava/lang/Object;)Lorg/eclipse/core/runtime/IStatus;",
      "Lorg/eclipse/ui/dialogs/SelectionDialog.setResult(Ljava/util/List;)V",
      "Lorg/eclipse/ui/dialogs/SelectionDialog.setTitle(Ljava/lang/String;)V",
      "Lorg/eclipse/ui/dialogs/SelectionStatusDialog.configureShell(Lorg/eclipse/swt/widgets/Shell;)V"
    ]
  },
  {
    "frequency": 2,
    "overriddenMethods": [
      "Lorg/eclipse/ui/dialogs/FilteredItemsSelectionDialog.createExtendedContentArea(Lorg/eclipse/swt/widgets/Composite;)Lorg/eclipse/swt/widgets/Control;",
      "Lorg/eclipse/ui/dialogs/FilteredItemsSelectionDialog.createFilter()Lorg/eclipse/ui/dialogs/FilteredItemsSelectionDialog$ItemsFilter;",
      "Lorg/eclipse/ui/dialogs/FilteredItemsSelectionDialog.fillContentProvider(Lorg/eclipse/ui/dialogs/FilteredItemsSelectionDialog$AbstractContentProvider;Lorg/eclipse/ui/dialogs/FilteredItemsSelectionDialog$ItemsFilter;Lorg/eclipse/core/runtime/IProgressMonitor;)V",
      "Lorg/eclipse/ui/dialogs/FilteredItemsSelectionDialog.getDialogSettings()Lorg/eclipse/jface/dialogs/IDialogSettings;",
      "Lorg/eclipse/ui/dialogs/FilteredItemsSelectionDialog.getElementName(Ljava/lang/Object;)Ljava/lang/String;",
      "Lorg/eclipse/ui/dialogs/FilteredItemsSelectionDialog.getItemsComparator()Ljava/util/Comparator;",
      "Lorg/eclipse/ui/dialogs/FilteredItemsSelectionDialog.okPressed()V",
      "Lorg/eclipse/ui/dialogs/FilteredItemsSelectionDialog.validateItem(Ljava/lang/Object;)Lorg/eclipse/core/runtime/IStatus;"
    ]
  },
  {
    "frequency": 2,
    "overriddenMethods": [
      "Lorg/eclipse/ui/dialogs/FilteredItemsSelectionDialog.createDialogArea(Lorg/eclipse/swt/widgets/Composite;)Lorg/eclipse/swt/widgets/Control;",
      "Lorg/eclipse/ui/dialogs/FilteredItemsSelectionDialog.createExtendedContentArea(Lorg/eclipse/swt/widgets/Composite;)Lorg/eclipse/swt/widgets/Control;",
      "Lorg/eclipse/ui/dialogs/FilteredItemsSelectionDialog.createFilter()Lorg/eclipse/ui/dialogs/FilteredItemsSelectionDialog$ItemsFilter;",
      "Lorg/eclipse/ui/dialogs/FilteredItemsSelectionDialog.fillContentProvider(Lorg/eclipse/ui/dialogs/FilteredItemsSelectionDialog$AbstractContentProvider;Lorg/eclipse/ui/dialogs/FilteredItemsSelectionDialog$ItemsFilter;Lorg/eclipse/core/runtime/IProgressMonitor;)V",
      "Lorg/eclipse/ui/dialogs/FilteredItemsSelectionDialog.getDialogSettings()Lorg/eclipse/jface/dialogs/IDialogSettings;",
      "Lorg/eclipse/ui/dialogs/FilteredItemsSelectionDialog.getElementName(Ljava/lang/Object;)Ljava/lang/String;",
      "Lorg/eclipse/ui/dialogs/FilteredItemsSelectionDialog.getItemsComparator()Ljava/util/Comparator;",
      "Lorg/eclipse/ui/dialogs/FilteredItemsSelectionDialog.validateItem(Ljava/lang/Object;)Lorg/eclipse/core/runtime/IStatus;"
    ]
  },
  {
    "frequency": 1,
    "overriddenMethods": [
      "Lorg/eclipse/jface/dialogs/Dialog.createContents(Lorg/eclipse/swt/widgets/Composite;)Lorg/eclipse/swt/widgets/Control;",
      "Lorg/eclipse/jface/dialogs/Dialog.getDialogArea()Lorg/eclipse/swt/widgets/Control;",
      "Lorg/eclipse/ui/dialogs/FilteredItemsSelectionDialog.createDialogArea(Lorg/eclipse/swt/widgets/Composite;)Lorg/eclipse/swt/widgets/Control;",
      "Lorg/eclipse/ui/dialogs/FilteredItemsSelectionDialog.createExtendedContentArea(Lorg/eclipse/swt/widgets/Composite;)Lorg/eclipse/swt/widgets/Control;",
      "Lorg/eclipse/ui/dialogs/FilteredItemsSelectionDialog.createFilter()Lorg/eclipse/ui/dialogs/FilteredItemsSelectionDialog$ItemsFilter;",
      "Lorg/eclipse/ui/dialogs/FilteredItemsSelectionDialog.fillContentProvider(Lorg/eclipse/ui/dialogs/FilteredItemsSelectionDialog$AbstractContentProvider;Lorg/eclipse/ui/dialogs/FilteredItemsSelectionDialog$ItemsFilter;Lorg/eclipse/core/runtime/IProgressMonitor;)V",
      "Lorg/eclipse/ui/dialogs/FilteredItemsSelectionDialog.getDialogSettings()Lorg/eclipse/jface/dialogs/IDialogSettings;",
      "Lorg/eclipse/ui/dialogs/FilteredItemsSelectionDialog.getElementName(Ljava/lang/Object;)Ljava/lang/String;",
      "Lorg/eclipse/ui/dialogs/FilteredItemsSelectionDialog.getItemsComparator()Ljava/util/Comparator;",
      "Lorg/eclipse/ui/dialogs/FilteredItemsSelectionDialog.handleDoubleClick()V",
      "Lorg/eclipse/ui/dialogs/FilteredItemsSelectionDialog.handleSelected(Lorg/eclipse/jface/viewers/StructuredSelection;)V",
      "Lorg/eclipse/ui/dialogs/FilteredItemsSelectionDialog.okPressed()V",
      "Lorg/eclipse/ui/dialogs/FilteredItemsSelectionDialog.validateItem(Ljava/lang/Object;)Lorg/eclipse/core/runtime/IStatus;"
    ]
  },
  {
    "frequency": 2,
    "overriddenMethods": [
      "Lorg/eclipse/ui/dialogs/FilteredItemsSelectionDialog.close()Z",
      "Lorg/eclipse/ui/dialogs/FilteredItemsSelectionDialog.createExtendedContentArea(Lorg/eclipse/swt/widgets/Composite;)Lorg/eclipse/swt/widgets/Control;",
      "Lorg/eclipse/ui/dialogs/FilteredItemsSelectionDialog.createFilter()Lorg/eclipse/ui/dialogs/FilteredItemsSelectionDialog$ItemsFilter;",
      "Lorg/eclipse/ui/dialogs/FilteredItemsSelectionDialog.fillContentProvider(Lorg/eclipse/ui/dialogs/FilteredItemsSelectionDialog$AbstractContentProvider;Lorg/eclipse/ui/dialogs/FilteredItemsSelectionDialog$ItemsFilter;Lorg/eclipse/core/runtime/IProgressMonitor;)V",
      "Lorg/eclipse/ui/dialogs/FilteredItemsSelectionDialog.fillViewMenu(Lorg/eclipse/jface/action/IMenuManager;)V",
      "Lorg/eclipse/ui/dialogs/FilteredItemsSelectionDialog.getDialogSettings()Lorg/eclipse/jface/dialogs/IDialogSettings;",
      "Lorg/eclipse/ui/dialogs/FilteredItemsSelectionDialog.getElementName(Ljava/lang/Object;)Ljava/lang/String;",
      "Lorg/eclipse/ui/dialogs/FilteredItemsSelectionDialog.getItemsComparator()Ljava/util/Comparator;",
      "Lorg/eclipse/ui/dialogs/FilteredItemsSelectionDialog.restoreDialog(Lorg/eclipse/jface/dialogs/IDialogSettings;)V",
      "Lorg/eclipse/ui/dialogs/FilteredItemsSelectionDialog.storeDialog(Lorg/eclipse/jface/dialogs/IDialogSettings;)V",
      "Lorg/eclipse/ui/dialogs/FilteredItemsSelectionDialog.validateItem(Ljava/lang/Object;)Lorg/eclipse/core/runtime/IStatus;",
      "Lorg/eclipse/ui/dialogs/SelectionStatusDialog.configureShell(Lorg/eclipse/swt/widgets/Shell;)V"
    ]
  },
  {
    "frequency": 1,
    "overriddenMethods": [
      "Lorg/eclipse/ui/dialogs/FilteredItemsSelectionDialog.createExtendedContentArea(Lorg/eclipse/swt/widgets/Composite;)Lorg/eclipse/swt/widgets/Control;",
      "Lorg/eclipse/ui/dialogs/FilteredItemsSelectionDialog.createFilter()Lorg/eclipse/ui/dialogs/FilteredItemsSelectionDialog$ItemsFilter;",
      "Lorg/eclipse/ui/dialogs/FilteredItemsSelectionDialog.fillContentProvider(Lorg/eclipse/ui/dialogs/FilteredItemsSelectionDialog$AbstractContentProvider;Lorg/eclipse/ui/dialogs/FilteredItemsSelectionDialog$ItemsFilter;Lorg/eclipse/core/runtime/IProgressMonitor;)V",
      "Lorg/eclipse/ui/dialogs/FilteredItemsSelectionDialog.fillViewMenu(Lorg/eclipse/jface/action/IMenuManager;)V",
      "Lorg/eclipse/ui/dialogs/FilteredItemsSelectionDialog.getDialogSettings()Lorg/eclipse/jface/dialogs/IDialogSettings;",
      "Lorg/eclipse/ui/dialogs/FilteredItemsSelectionDialog.getElementName(Ljava/lang/Object;)Ljava/lang/String;",
      "Lorg/eclipse/ui/dialogs/FilteredItemsSelectionDialog.getItemsComparator()Ljava/util/Comparator;",
      "Lorg/eclipse/ui/dialogs/FilteredItemsSelectionDialog.okPressed()V",
      "Lorg/eclipse/ui/dialogs/FilteredItemsSelectionDialog.validateItem(Ljava/lang/Object;)Lorg/eclipse/core/runtime/IStatus;"
    ]
  },
  {
    "frequency": 1,
    "overriddenMethods": [
      "Lorg/eclipse/jface/dialogs/Dialog.createContents(Lorg/eclipse/swt/widgets/Composite;)Lorg/eclipse/swt/widgets/Control;",
      "Lorg/eclipse/jface/dialogs/Dialog.getDialogArea()Lorg/eclipse/swt/widgets/Control;",
      "Lorg/eclipse/ui/dialogs/FilteredItemsSelectionDialog.createDialogArea(Lorg/eclipse/swt/widgets/Composite;)Lorg/eclipse/swt/widgets/Control;",
      "Lorg/eclipse/ui/dialogs/FilteredItemsSelectionDialog.createExtendedContentArea(Lorg/eclipse/swt/widgets/Composite;)Lorg/eclipse/swt/widgets/Control;",
      "Lorg/eclipse/ui/dialogs/FilteredItemsSelectionDialog.createFilter()Lorg/eclipse/ui/dialogs/FilteredItemsSelectionDialog$ItemsFilter;",
      "Lorg/eclipse/ui/dialogs/FilteredItemsSelectionDialog.fillContentProvider(Lorg/eclipse/ui/dialogs/FilteredItemsSelectionDialog$AbstractContentProvider;Lorg/eclipse/ui/dialogs/FilteredItemsSelectionDialog$ItemsFilter;Lorg/eclipse/core/runtime/IProgressMonitor;)V",
      "Lorg/eclipse/ui/dialogs/FilteredItemsSelectionDialog.getDialogSettings()Lorg/eclipse/jface/dialogs/IDialogSettings;",
      "Lorg/eclipse/ui/dialogs/FilteredItemsSelectionDialog.getElementName(Ljava/lang/Object;)Ljava/lang/String;",
      "Lorg/eclipse/ui/dialogs/FilteredItemsSelectionDialog.getItemsComparator()Ljava/util/Comparator;",
      "Lorg/eclipse/ui/dialogs/FilteredItemsSelectionDialog.handleSelected(Lorg/eclipse/jface/viewers/StructuredSelection;)V",
      "Lorg/eclipse/ui/dialogs/FilteredItemsSelectionDialog.validateItem(Ljava/lang/Object;)Lorg/eclipse/core/runtime/IStatus;"
    ]
  },
  {
    "frequency": 2,
    "overriddenMethods": [
      "Lorg/eclipse/jface/dialogs/Dialog.createContents(Lorg/eclipse/swt/widgets/Composite;)Lorg/eclipse/swt/widgets/Control;",
      "Lorg/eclipse/jface/window/Window.open()I",
      "Lorg/eclipse/ui/dialogs/FilteredItemsSelectionDialog.create()V",
      "Lorg/eclipse/ui/dialogs/FilteredItemsSelectionDialog.createExtendedContentArea(Lorg/eclipse/swt/widgets/Composite;)Lorg/eclipse/swt/widgets/Control;",
      "Lorg/eclipse/ui/dialogs/FilteredItemsSelectionDialog.createFilter()Lorg/eclipse/ui/dialogs/FilteredItemsSelectionDialog$ItemsFilter;",
      "Lorg/eclipse/ui/dialogs/FilteredItemsSelectionDialog.fillContentProvider(Lorg/eclipse/ui/dialogs/FilteredItemsSelectionDialog$AbstractContentProvider;Lorg/eclipse/ui/dialogs/FilteredItemsSelectionDialog$ItemsFilter;Lorg/eclipse/core/runtime/IProgressMonitor;)V",
      "Lorg/eclipse/ui/dialogs/FilteredItemsSelectionDialog.fillViewMenu(Lorg/eclipse/jface/action/IMenuManager;)V",
      "Lorg/eclipse/ui/dialogs/FilteredItemsSelectionDialog.getDialogSettings()Lorg/eclipse/jface/dialogs/IDialogSettings;",
      "Lorg/eclipse/ui/dialogs/FilteredItemsSelectionDialog.getElementName(Ljava/lang/Object;)Ljava/lang/String;",
      "Lorg/eclipse/ui/dialogs/FilteredItemsSelectionDialog.getItemsComparator()Ljava/util/Comparator;",
      "Lorg/eclipse/ui/dialogs/FilteredItemsSelectionDialog.reloadCache(ZLorg/eclipse/core/runtime/IProgressMonitor;)V",
      "Lorg/eclipse/ui/dialogs/FilteredItemsSelectionDialog.restoreDialog(Lorg/eclipse/jface/dialogs/IDialogSettings;)V",
      "Lorg/eclipse/ui/dialogs/FilteredItemsSelectionDialog.storeDialog(Lorg/eclipse/jface/dialogs/IDialogSettings;)V",
      "Lorg/eclipse/ui/dialogs/FilteredItemsSelectionDialog.validateItem(Ljava/lang/Object;)Lorg/eclipse/core/runtime/IStatus;",
      "Lorg/eclipse/ui/dialogs/SelectionDialog.setResult(Ljava/util/List;)V",
      "Lorg/eclipse/ui/dialogs/SelectionDialog.setTitle(Ljava/lang/String;)V"
    ]
  },
  {
    "frequency": 1,
    "overriddenMethods": [
      "Lorg/eclipse/jface/window/Window.open()I",
      "Lorg/eclipse/ui/dialogs/FilteredItemsSelectionDialog.createDialogArea(Lorg/eclipse/swt/widgets/Composite;)Lorg/eclipse/swt/widgets/Control;",
      "Lorg/eclipse/ui/dialogs/FilteredItemsSelectionDialog.createExtendedContentArea(Lorg/eclipse/swt/widgets/Composite;)Lorg/eclipse/swt/widgets/Control;",
      "Lorg/eclipse/ui/dialogs/FilteredItemsSelectionDialog.createFilter()Lorg/eclipse/ui/dialogs/FilteredItemsSelectionDialog$ItemsFilter;",
      "Lorg/eclipse/ui/dialogs/FilteredItemsSelectionDialog.fillContentProvider(Lorg/eclipse/ui/dialogs/FilteredItemsSelectionDialog$AbstractContentProvider;Lorg/eclipse/ui/dialogs/FilteredItemsSelectionDialog$ItemsFilter;Lorg/eclipse/core/runtime/IProgressMonitor;)V",
      "Lorg/eclipse/ui/dialogs/FilteredItemsSelectionDialog.fillViewMenu(Lorg/eclipse/jface/action/IMenuManager;)V",
      "Lorg/eclipse/ui/dialogs/FilteredItemsSelectionDialog.getDialogSettings()Lorg/eclipse/jface/dialogs/IDialogSettings;",
      "Lorg/eclipse/ui/dialogs/FilteredItemsSelectionDialog.getElementName(Ljava/lang/Object;)Ljava/lang/String;",
      "Lorg/eclipse/ui/dialogs/FilteredItemsSelectionDialog.getItemsComparator()Ljava/util/Comparator;",
      "Lorg/eclipse/ui/dialogs/FilteredItemsSelectionDialog.restoreDialog(Lorg/eclipse/jface/dialogs/IDialogSettings;)V",
      "Lorg/eclipse/ui/dialogs/FilteredItemsSelectionDialog.storeDialog(Lorg/eclipse/jface/dialogs/IDialogSettings;)V",
      "Lorg/eclipse/ui/dialogs/FilteredItemsSelectionDialog.validateItem(Ljava/lang/Object;)Lorg/eclipse/core/runtime/IStatus;",
      "Lorg/eclipse/ui/dialogs/SelectionDialog.getResult()[Ljava/lang/Object;",
      "Lorg/eclipse/ui/dialogs/SelectionDialog.setTitle(Ljava/lang/String;)V"
    ]
  },
  {
    "frequency": 11,
    "overriddenMethods": [
      "Lorg/eclipse/ui/dialogs/FilteredItemsSelectionDialog.createExtendedContentArea(Lorg/eclipse/swt/widgets/Composite;)Lorg/eclipse/swt/widgets/Control;",
      "Lorg/eclipse/ui/dialogs/FilteredItemsSelectionDialog.createFilter()Lorg/eclipse/ui/dialogs/FilteredItemsSelectionDialog$ItemsFilter;",
      "Lorg/eclipse/ui/dialogs/FilteredItemsSelectionDialog.fillContentProvider(Lorg/eclipse/ui/dialogs/FilteredItemsSelectionDialog$AbstractContentProvider;Lorg/eclipse/ui/dialogs/FilteredItemsSelectionDialog$ItemsFilter;Lorg/eclipse/core/runtime/IProgressMonitor;)V",
      "Lorg/eclipse/ui/dialogs/FilteredItemsSelectionDialog.getDialogSettings()Lorg/eclipse/jface/dialogs/IDialogSettings;",
      "Lorg/eclipse/ui/dialogs/FilteredItemsSelectionDialog.getElementName(Ljava/lang/Object;)Ljava/lang/String;",
      "Lorg/eclipse/ui/dialogs/FilteredItemsSelectionDialog.getItemsComparator()Ljava/util/Comparator;",
      "Lorg/eclipse/ui/dialogs/FilteredItemsSelectionDialog.validateItem(Ljava/lang/Object;)Lorg/eclipse/core/runtime/IStatus;"
    ]
  }
]