[
  {
    "frequency": 4,
    "overriddenMethods": [
      "Lorg/eclipse/ui/dialogs/FilteredItemsSelectionDialog$SelectionHistory.accessed(Ljava/lang/Object;)V",
      "Lorg/eclipse/ui/dialogs/FilteredItemsSelectionDialog$SelectionHistory.load(Lorg/eclipse/ui/IMemento;)V",
      "Lorg/eclipse/ui/dialogs/FilteredItemsSelectionDialog$SelectionHistory.remove(Ljava/lang/Object;)Z",
      "Lorg/eclipse/ui/dialogs/FilteredItemsSelectionDialog$SelectionHistory.restoreItemFromMemento(Lorg/eclipse/ui/IMemento;)Ljava/lang/Object;",
      "Lorg/eclipse/ui/dialogs/FilteredItemsSelectionDialog$SelectionHistory.save(Lorg/eclipse/ui/IMemento;)V",
      "Lorg/eclipse/ui/dialogs/FilteredItemsSelectionDialog$SelectionHistory.storeItemToMemento(Ljava/lang/Object;Lorg/eclipse/ui/IMemento;)V"
    ]
  },
  {
    "frequency": 1,
    "overriddenMethods": [
      "Lorg/eclipse/ui/dialogs/FilteredItemsSelectionDialog$SelectionHistory.restoreItemFromMemento(Lorg/eclipse/ui/IMemento;)Ljava/lang/Object;",
      "Lorg/eclipse/ui/dialogs/FilteredItemsSelectionDialog$SelectionHistory.save(Lorg/eclipse/ui/IMemento;)V",
      "Lorg/eclipse/ui/dialogs/FilteredItemsSelectionDialog$SelectionHistory.storeItemToMemento(Ljava/lang/Object;Lorg/eclipse/ui/IMemento;)V"
    ]
  },
  {
    "frequency": 3,
    "overriddenMethods": [
      "Lorg/eclipse/ui/dialogs/FilteredItemsSelectionDialog$SelectionHistory.accessed(Ljava/lang/Object;)V",
      "Lorg/eclipse/ui/dialogs/FilteredItemsSelectionDialog$SelectionHistory.contains(Ljava/lang/Object;)Z",
      "Lorg/eclipse/ui/dialogs/FilteredItemsSelectionDialog$SelectionHistory.getHistoryItems()[Ljava/lang/Object;",
      "Lorg/eclipse/ui/dialogs/FilteredItemsSelectionDialog$SelectionHistory.isEmpty()Z",
      "Lorg/eclipse/ui/dialogs/FilteredItemsSelectionDialog$SelectionHistory.load(Lorg/eclipse/ui/IMemento;)V",
      "Lorg/eclipse/ui/dialogs/FilteredItemsSelectionDialog$SelectionHistory.remove(Ljava/lang/Object;)Z",
      "Lorg/eclipse/ui/dialogs/FilteredItemsSelectionDialog$SelectionHistory.restoreItemFromMemento(Lorg/eclipse/ui/IMemento;)Ljava/lang/Object;",
      "Lorg/eclipse/ui/dialogs/FilteredItemsSelectionDialog$SelectionHistory.save(Lorg/eclipse/ui/IMemento;)V",
      "Lorg/eclipse/ui/dialogs/FilteredItemsSelectionDialog$SelectionHistory.storeItemToMemento(Ljava/lang/Object;Lorg/eclipse/ui/IMemento;)V"
    ]
  },
  {
    "frequency": 10,
    "overriddenMethods": [
      "Lorg/eclipse/ui/dialogs/FilteredItemsSelectionDialog$SelectionHistory.restoreItemFromMemento(Lorg/eclipse/ui/IMemento;)Ljava/lang/Object;",
      "Lorg/eclipse/ui/dialogs/FilteredItemsSelectionDialog$SelectionHistory.storeItemToMemento(Ljava/lang/Object;Lorg/eclipse/ui/IMemento;)V"
    ]
  }
]