[
  {
    "frequency": 1,
    "overriddenMethods": []
  },
  {
    "frequency": 7,
    "overriddenMethods": [
      "Lorg/eclipse/ui/dialogs/PatternFilter.isParentMatch(Lorg/eclipse/jface/viewers/Viewer;Ljava/lang/Object;)Z"
    ]
  },
  {
    "frequency": 6,
    "overriddenMethods": [
      "Lorg/eclipse/ui/dialogs/PatternFilter.isElementSelectable(Ljava/lang/Object;)Z",
      "Lorg/eclipse/ui/dialogs/PatternFilter.isLeafMatch(Lorg/eclipse/jface/viewers/Viewer;Ljava/lang/Object;)Z"
    ]
  },
  {
    "frequency": 1,
    "overriddenMethods": [
      "Lorg/eclipse/ui/dialogs/PatternFilter.filter(Lorg/eclipse/jface/viewers/Viewer;Ljava/lang/Object;[Ljava/lang/Object;)[Ljava/lang/Object;",
      "Lorg/eclipse/ui/dialogs/PatternFilter.isElementVisible(Lorg/eclipse/jface/viewers/Viewer;Ljava/lang/Object;)Z",
      "Lorg/eclipse/ui/dialogs/PatternFilter.isLeafMatch(Lorg/eclipse/jface/viewers/Viewer;Ljava/lang/Object;)Z"
    ]
  },
  {
    "frequency": 1,
    "overriddenMethods": [
      "Lorg/eclipse/ui/dialogs/PatternFilter.isElementVisible(Lorg/eclipse/jface/viewers/Viewer;Ljava/lang/Object;)Z",
      "Lorg/eclipse/ui/dialogs/PatternFilter.setPattern(Ljava/lang/String;)V"
    ]
  },
  {
    "frequency": 1,
    "overriddenMethods": [
      "Lorg/eclipse/ui/dialogs/PatternFilter.filter(Lorg/eclipse/jface/viewers/Viewer;Ljava/lang/Object;[Ljava/lang/Object;)[Ljava/lang/Object;"
    ]
  },
  {
    "frequency": 2,
    "overriddenMethods": [
      "Lorg/eclipse/ui/dialogs/PatternFilter.isElementVisible(Lorg/eclipse/jface/viewers/Viewer;Ljava/lang/Object;)Z",
      "Lorg/eclipse/ui/dialogs/PatternFilter.isLeafMatch(Lorg/eclipse/jface/viewers/Viewer;Ljava/lang/Object;)Z"
    ]
  },
  {
    "frequency": 2,
    "overriddenMethods": [
      "Lorg/eclipse/ui/dialogs/PatternFilter.isElementSelectable(Ljava/lang/Object;)Z",
      "Lorg/eclipse/ui/dialogs/PatternFilter.isElementVisible(Lorg/eclipse/jface/viewers/Viewer;Ljava/lang/Object;)Z",
      "Lorg/eclipse/ui/dialogs/PatternFilter.isLeafMatch(Lorg/eclipse/jface/viewers/Viewer;Ljava/lang/Object;)Z"
    ]
  },
  {
    "frequency": 1,
    "overriddenMethods": [
      "Lorg/eclipse/ui/dialogs/PatternFilter.filter(Lorg/eclipse/jface/viewers/Viewer;Ljava/lang/Object;[Ljava/lang/Object;)[Ljava/lang/Object;",
      "Lorg/eclipse/ui/dialogs/PatternFilter.isElementSelectable(Ljava/lang/Object;)Z",
      "Lorg/eclipse/ui/dialogs/PatternFilter.isLeafMatch(Lorg/eclipse/jface/viewers/Viewer;Ljava/lang/Object;)Z"
    ]
  },
  {
    "frequency": 2,
    "overriddenMethods": [
      "Lorg/eclipse/ui/dialogs/PatternFilter.isElementVisible(Lorg/eclipse/jface/viewers/Viewer;Ljava/lang/Object;)Z",
      "Lorg/eclipse/ui/dialogs/PatternFilter.setPattern(Ljava/lang/String;)V",
      "Lorg/eclipse/ui/dialogs/PatternFilter.wordMatches(Ljava/lang/String;)Z"
    ]
  },
  {
    "frequency": 1,
    "overriddenMethods": [
      "Lorg/eclipse/ui/dialogs/PatternFilter.wordMatches(Ljava/lang/String;)Z"
    ]
  },
  {
    "frequency": 5,
    "overriddenMethods": [
      "Lorg/eclipse/ui/dialogs/PatternFilter.isElementVisible(Lorg/eclipse/jface/viewers/Viewer;Ljava/lang/Object;)Z"
    ]
  },
  {
    "frequency": 1,
    "overriddenMethods": [
      "Lorg/eclipse/ui/dialogs/PatternFilter.setPattern(Ljava/lang/String;)V"
    ]
  },
  {
    "frequency": 2,
    "overriddenMethods": [
      "Lorg/eclipse/ui/dialogs/PatternFilter.isLeafMatch(Lorg/eclipse/jface/viewers/Viewer;Ljava/lang/Object;)Z",
      "Lorg/eclipse/ui/dialogs/PatternFilter.isParentMatch(Lorg/eclipse/jface/viewers/Viewer;Ljava/lang/Object;)Z"
    ]
  },
  {
    "frequency": 2,
    "overriddenMethods": [
      "Lorg/eclipse/ui/dialogs/PatternFilter.isElementSelectable(Ljava/lang/Object;)Z",
      "Lorg/eclipse/ui/dialogs/PatternFilter.isLeafMatch(Lorg/eclipse/jface/viewers/Viewer;Ljava/lang/Object;)Z",
      "Lorg/eclipse/ui/dialogs/PatternFilter.isParentMatch(Lorg/eclipse/jface/viewers/Viewer;Ljava/lang/Object;)Z",
      "Lorg/eclipse/ui/dialogs/PatternFilter.setPattern(Ljava/lang/String;)V"
    ]
  },
  {
    "frequency": 18,
    "overriddenMethods": [
      "Lorg/eclipse/ui/dialogs/PatternFilter.isLeafMatch(Lorg/eclipse/jface/viewers/Viewer;Ljava/lang/Object;)Z"
    ]
  }
]