[
  {
    "frequency": 1,
    "overriddenMethods": []
  },
  {
    "frequency": 1,
    "overriddenMethods": [
      "Lorg/eclipse/ui/dialogs/PropertyDialogAction.createDialog()Lorg/eclipse/jface/preference/PreferenceDialog;"
    ]
  },
  {
    "frequency": 1,
    "overriddenMethods": [
      "Lorg/eclipse/jface/action/Action.getText()Ljava/lang/String;",
      "Lorg/eclipse/jface/action/Action.isEnabled()Z",
      "Lorg/eclipse/ui/dialogs/PropertyDialogAction.createDialog()Lorg/eclipse/jface/preference/PreferenceDialog;",
      "Lorg/eclipse/ui/dialogs/PropertyDialogAction.isApplicableForSelection(Lorg/eclipse/jface/viewers/IStructuredSelection;)Z"
    ]
  }
]