[
  {
    "frequency": 1,
    "overriddenMethods": [
      "Lorg/eclipse/ui/dialogs/SearchPattern.matches(Ljava/lang/String;)Z"
    ]
  },
  {
    "frequency": 1,
    "overriddenMethods": [
      "Lorg/eclipse/ui/dialogs/SearchPattern.getPattern()Ljava/lang/String;",
      "Lorg/eclipse/ui/dialogs/SearchPattern.setPattern(Ljava/lang/String;)V"
    ]
  },
  {
    "frequency": 3,
    "overriddenMethods": [
      "Lorg/eclipse/ui/dialogs/SearchPattern.setPattern(Ljava/lang/String;)V"
    ]
  },
  {
    "frequency": 2,
    "overriddenMethods": [
      "Lorg/eclipse/ui/dialogs/SearchPattern.isNameCharAllowed(C)Z",
      "Lorg/eclipse/ui/dialogs/SearchPattern.isPatternCharAllowed(C)Z",
      "Lorg/eclipse/ui/dialogs/SearchPattern.isValidCamelCaseChar(C)Z",
      "Lorg/eclipse/ui/dialogs/SearchPattern.setPattern(Ljava/lang/String;)V"
    ]
  }
]