[
  {
    "frequency": 1,
    "overriddenMethods": [
      "Lorg/eclipse/jface/dialogs/Dialog.cancelPressed()V",
      "Lorg/eclipse/jface/dialogs/Dialog.createDialogArea(Lorg/eclipse/swt/widgets/Composite;)Lorg/eclipse/swt/widgets/Control;",
      "Lorg/eclipse/jface/dialogs/TrayDialog.handleShellCloseEvent()V",
      "Lorg/eclipse/jface/window/Window.open()I",
      "Lorg/eclipse/ui/dialogs/SelectionStatusDialog.computeResult()V",
      "Lorg/eclipse/ui/dialogs/SelectionStatusDialog.create()V"
    ]
  },
  {
    "frequency": 1,
    "overriddenMethods": [
      "Lorg/eclipse/jface/dialogs/Dialog.createDialogArea(Lorg/eclipse/swt/widgets/Composite;)Lorg/eclipse/swt/widgets/Control;",
      "Lorg/eclipse/ui/dialogs/SelectionStatusDialog.computeResult()V",
      "Lorg/eclipse/ui/dialogs/SelectionStatusDialog.configureShell(Lorg/eclipse/swt/widgets/Shell;)V",
      "Lorg/eclipse/ui/dialogs/SelectionStatusDialog.create()V",
      "Lorg/eclipse/ui/dialogs/SelectionStatusDialog.okPressed()V",
      "Lorg/eclipse/ui/dialogs/SelectionStatusDialog.updateStatus(Lorg/eclipse/core/runtime/IStatus;)V"
    ]
  },
  {
    "frequency": 1,
    "overriddenMethods": [
      "Lorg/eclipse/jface/dialogs/Dialog.createDialogArea(Lorg/eclipse/swt/widgets/Composite;)Lorg/eclipse/swt/widgets/Control;",
      "Lorg/eclipse/jface/window/Window.open()I",
      "Lorg/eclipse/ui/dialogs/SelectionStatusDialog.computeResult()V",
      "Lorg/eclipse/ui/dialogs/SelectionStatusDialog.okPressed()V"
    ]
  },
  {
    "frequency": 1,
    "overriddenMethods": [
      "Lorg/eclipse/jface/dialogs/Dialog.createDialogArea(Lorg/eclipse/swt/widgets/Composite;)Lorg/eclipse/swt/widgets/Control;",
      "Lorg/eclipse/ui/dialogs/SelectionStatusDialog.computeResult()V",
      "Lorg/eclipse/ui/dialogs/SelectionStatusDialog.configureShell(Lorg/eclipse/swt/widgets/Shell;)V",
      "Lorg/eclipse/ui/dialogs/SelectionStatusDialog.create()V"
    ]
  },
  {
    "frequency": 1,
    "overriddenMethods": [
      "Lorg/eclipse/jface/dialogs/Dialog.cancelPressed()V",
      "Lorg/eclipse/jface/dialogs/Dialog.createDialogArea(Lorg/eclipse/swt/widgets/Composite;)Lorg/eclipse/swt/widgets/Control;",
      "Lorg/eclipse/jface/window/Window.handleShellCloseEvent()V",
      "Lorg/eclipse/jface/window/Window.open()I",
      "Lorg/eclipse/ui/dialogs/SelectionStatusDialog.computeResult()V",
      "Lorg/eclipse/ui/dialogs/SelectionStatusDialog.create()V",
      "Lorg/eclipse/ui/dialogs/SelectionStatusDialog.updateStatus(Lorg/eclipse/core/runtime/IStatus;)V"
    ]
  },
  {
    "frequency": 1,
    "overriddenMethods": [
      "Lorg/eclipse/jface/dialogs/Dialog.createDialogArea(Lorg/eclipse/swt/widgets/Composite;)Lorg/eclipse/swt/widgets/Control;",
      "Lorg/eclipse/jface/window/Window.open()I",
      "Lorg/eclipse/ui/dialogs/SelectionDialog.setTitle(Ljava/lang/String;)V",
      "Lorg/eclipse/ui/dialogs/SelectionStatusDialog.computeResult()V",
      "Lorg/eclipse/ui/dialogs/SelectionStatusDialog.okPressed()V"
    ]
  },
  {
    "frequency": 1,
    "overriddenMethods": [
      "Lorg/eclipse/jface/dialogs/Dialog.close()Z",
      "Lorg/eclipse/jface/dialogs/Dialog.createDialogArea(Lorg/eclipse/swt/widgets/Composite;)Lorg/eclipse/swt/widgets/Control;",
      "Lorg/eclipse/ui/dialogs/SelectionStatusDialog.computeResult()V",
      "Lorg/eclipse/ui/dialogs/SelectionStatusDialog.configureShell(Lorg/eclipse/swt/widgets/Shell;)V"
    ]
  },
  {
    "frequency": 1,
    "overriddenMethods": [
      "Lorg/eclipse/jface/dialogs/Dialog.createDialogArea(Lorg/eclipse/swt/widgets/Composite;)Lorg/eclipse/swt/widgets/Control;",
      "Lorg/eclipse/ui/dialogs/SelectionStatusDialog.computeResult()V",
      "Lorg/eclipse/ui/dialogs/SelectionStatusDialog.createButtonBar(Lorg/eclipse/swt/widgets/Composite;)Lorg/eclipse/swt/widgets/Control;"
    ]
  },
  {
    "frequency": 2,
    "overriddenMethods": [
      "Lorg/eclipse/jface/dialogs/Dialog.createDialogArea(Lorg/eclipse/swt/widgets/Composite;)Lorg/eclipse/swt/widgets/Control;",
      "Lorg/eclipse/ui/dialogs/SelectionStatusDialog.computeResult()V",
      "Lorg/eclipse/ui/dialogs/SelectionStatusDialog.create()V"
    ]
  },
  {
    "frequency": 1,
    "overriddenMethods": [
      "Lorg/eclipse/jface/dialogs/Dialog.createDialogArea(Lorg/eclipse/swt/widgets/Composite;)Lorg/eclipse/swt/widgets/Control;",
      "Lorg/eclipse/jface/dialogs/TrayDialog.isHelpAvailable()Z",
      "Lorg/eclipse/ui/dialogs/SelectionStatusDialog.computeResult()V",
      "Lorg/eclipse/ui/dialogs/SelectionStatusDialog.configureShell(Lorg/eclipse/swt/widgets/Shell;)V"
    ]
  },
  {
    "frequency": 2,
    "overriddenMethods": [
      "Lorg/eclipse/jface/dialogs/Dialog.createDialogArea(Lorg/eclipse/swt/widgets/Composite;)Lorg/eclipse/swt/widgets/Control;",
      "Lorg/eclipse/jface/window/Window.open()I",
      "Lorg/eclipse/ui/dialogs/SelectionStatusDialog.computeResult()V",
      "Lorg/eclipse/ui/dialogs/SelectionStatusDialog.configureShell(Lorg/eclipse/swt/widgets/Shell;)V",
      "Lorg/eclipse/ui/dialogs/SelectionStatusDialog.okPressed()V"
    ]
  },
  {
    "frequency": 2,
    "overriddenMethods": [
      "Lorg/eclipse/jface/dialogs/Dialog.createDialogArea(Lorg/eclipse/swt/widgets/Composite;)Lorg/eclipse/swt/widgets/Control;",
      "Lorg/eclipse/jface/dialogs/Dialog.getInitialSize()Lorg/eclipse/swt/graphics/Point;",
      "Lorg/eclipse/ui/dialogs/SelectionStatusDialog.computeResult()V"
    ]
  },
  {
    "frequency": 1,
    "overriddenMethods": [
      "Lorg/eclipse/jface/dialogs/Dialog.createDialogArea(Lorg/eclipse/swt/widgets/Composite;)Lorg/eclipse/swt/widgets/Control;",
      "Lorg/eclipse/jface/dialogs/Dialog.initializeBounds()V",
      "Lorg/eclipse/ui/dialogs/SelectionStatusDialog.computeResult()V",
      "Lorg/eclipse/ui/dialogs/SelectionStatusDialog.create()V"
    ]
  },
  {
    "frequency": 1,
    "overriddenMethods": [
      "Lorg/eclipse/jface/dialogs/Dialog.createDialogArea(Lorg/eclipse/swt/widgets/Composite;)Lorg/eclipse/swt/widgets/Control;",
      "Lorg/eclipse/jface/dialogs/TrayDialog.close()Z",
      "Lorg/eclipse/jface/window/Window.getShell()Lorg/eclipse/swt/widgets/Shell;",
      "Lorg/eclipse/ui/dialogs/SelectionStatusDialog.computeResult()V",
      "Lorg/eclipse/ui/dialogs/SelectionStatusDialog.okPressed()V",
      "Lorg/eclipse/ui/dialogs/SelectionStatusDialog.updateStatus(Lorg/eclipse/core/runtime/IStatus;)V"
    ]
  },
  {
    "frequency": 2,
    "overriddenMethods": [
      "Lorg/eclipse/jface/dialogs/Dialog.createDialogArea(Lorg/eclipse/swt/widgets/Composite;)Lorg/eclipse/swt/widgets/Control;",
      "Lorg/eclipse/ui/dialogs/SelectionStatusDialog.computeResult()V",
      "Lorg/eclipse/ui/dialogs/SelectionStatusDialog.configureShell(Lorg/eclipse/swt/widgets/Shell;)V"
    ]
  },
  {
    "frequency": 1,
    "overriddenMethods": [
      "Lorg/eclipse/jface/dialogs/Dialog.createDialogArea(Lorg/eclipse/swt/widgets/Composite;)Lorg/eclipse/swt/widgets/Control;",
      "Lorg/eclipse/jface/window/Window.open()I",
      "Lorg/eclipse/ui/dialogs/SelectionStatusDialog.computeResult()V",
      "Lorg/eclipse/ui/dialogs/SelectionStatusDialog.create()V",
      "Lorg/eclipse/ui/dialogs/SelectionStatusDialog.createButtonBar(Lorg/eclipse/swt/widgets/Composite;)Lorg/eclipse/swt/widgets/Control;"
    ]
  },
  {
    "frequency": 14,
    "overriddenMethods": [
      "Lorg/eclipse/jface/dialogs/Dialog.createDialogArea(Lorg/eclipse/swt/widgets/Composite;)Lorg/eclipse/swt/widgets/Control;",
      "Lorg/eclipse/ui/dialogs/SelectionStatusDialog.computeResult()V",
      "Lorg/eclipse/ui/dialogs/SelectionStatusDialog.create()V",
      "Lorg/eclipse/ui/dialogs/SelectionStatusDialog.okPressed()V"
    ]
  },
  {
    "frequency": 2,
    "overriddenMethods": [
      "Lorg/eclipse/jface/dialogs/Dialog.buttonPressed(I)V",
      "Lorg/eclipse/jface/dialogs/Dialog.cancelPressed()V",
      "Lorg/eclipse/jface/dialogs/Dialog.createDialogArea(Lorg/eclipse/swt/widgets/Composite;)Lorg/eclipse/swt/widgets/Control;",
      "Lorg/eclipse/jface/window/Window.open()I",
      "Lorg/eclipse/ui/dialogs/SelectionDialog.createButtonsForButtonBar(Lorg/eclipse/swt/widgets/Composite;)V",
      "Lorg/eclipse/ui/dialogs/SelectionDialog.getDialogBoundsSettings()Lorg/eclipse/jface/dialogs/IDialogSettings;",
      "Lorg/eclipse/ui/dialogs/SelectionDialog.isResizable()Z",
      "Lorg/eclipse/ui/dialogs/SelectionStatusDialog.computeResult()V",
      "Lorg/eclipse/ui/dialogs/SelectionStatusDialog.configureShell(Lorg/eclipse/swt/widgets/Shell;)V",
      "Lorg/eclipse/ui/dialogs/SelectionStatusDialog.okPressed()V"
    ]
  },
  {
    "frequency": 1,
    "overriddenMethods": [
      "Lorg/eclipse/jface/dialogs/Dialog.createDialogArea(Lorg/eclipse/swt/widgets/Composite;)Lorg/eclipse/swt/widgets/Control;",
      "Lorg/eclipse/jface/dialogs/Dialog.initializeBounds()V",
      "Lorg/eclipse/ui/dialogs/SelectionStatusDialog.computeResult()V"
    ]
  },
  {
    "frequency": 2,
    "overriddenMethods": [
      "Lorg/eclipse/jface/dialogs/Dialog.createDialogArea(Lorg/eclipse/swt/widgets/Composite;)Lorg/eclipse/swt/widgets/Control;",
      "Lorg/eclipse/ui/dialogs/SelectionStatusDialog.computeResult()V",
      "Lorg/eclipse/ui/dialogs/SelectionStatusDialog.okPressed()V"
    ]
  },
  {
    "frequency": 6,
    "overriddenMethods": [
      "Lorg/eclipse/jface/dialogs/Dialog.cancelPressed()V",
      "Lorg/eclipse/jface/dialogs/Dialog.createDialogArea(Lorg/eclipse/swt/widgets/Composite;)Lorg/eclipse/swt/widgets/Control;",
      "Lorg/eclipse/ui/dialogs/SelectionStatusDialog.computeResult()V",
      "Lorg/eclipse/ui/dialogs/SelectionStatusDialog.create()V"
    ]
  },
  {
    "frequency": 1,
    "overriddenMethods": [
      "Lorg/eclipse/jface/dialogs/Dialog.cancelPressed()V",
      "Lorg/eclipse/jface/dialogs/Dialog.createDialogArea(Lorg/eclipse/swt/widgets/Composite;)Lorg/eclipse/swt/widgets/Control;",
      "Lorg/eclipse/jface/window/Window.open()I",
      "Lorg/eclipse/ui/dialogs/SelectionStatusDialog.computeResult()V",
      "Lorg/eclipse/ui/dialogs/SelectionStatusDialog.createButtonBar(Lorg/eclipse/swt/widgets/Composite;)Lorg/eclipse/swt/widgets/Control;"
    ]
  },
  {
    "frequency": 4,
    "overriddenMethods": [
      "Lorg/eclipse/jface/dialogs/Dialog.createDialogArea(Lorg/eclipse/swt/widgets/Composite;)Lorg/eclipse/swt/widgets/Control;",
      "Lorg/eclipse/jface/dialogs/TrayDialog.close()Z",
      "Lorg/eclipse/jface/window/Window.open()I",
      "Lorg/eclipse/ui/dialogs/SelectionDialog.setTitle(Ljava/lang/String;)V",
      "Lorg/eclipse/ui/dialogs/SelectionStatusDialog.computeResult()V",
      "Lorg/eclipse/ui/dialogs/SelectionStatusDialog.configureShell(Lorg/eclipse/swt/widgets/Shell;)V",
      "Lorg/eclipse/ui/dialogs/SelectionStatusDialog.create()V"
    ]
  },
  {
    "frequency": 1,
    "overriddenMethods": [
      "Lorg/eclipse/jface/dialogs/Dialog.createButton(Lorg/eclipse/swt/widgets/Composite;ILjava/lang/String;Z)Lorg/eclipse/swt/widgets/Button;",
      "Lorg/eclipse/jface/dialogs/Dialog.createDialogArea(Lorg/eclipse/swt/widgets/Composite;)Lorg/eclipse/swt/widgets/Control;",
      "Lorg/eclipse/ui/dialogs/SelectionStatusDialog.computeResult()V",
      "Lorg/eclipse/ui/dialogs/SelectionStatusDialog.configureShell(Lorg/eclipse/swt/widgets/Shell;)V",
      "Lorg/eclipse/ui/dialogs/SelectionStatusDialog.create()V",
      "Lorg/eclipse/ui/dialogs/SelectionStatusDialog.createButtonBar(Lorg/eclipse/swt/widgets/Composite;)Lorg/eclipse/swt/widgets/Control;",
      "Lorg/eclipse/ui/dialogs/SelectionStatusDialog.getFirstResult()Ljava/lang/Object;",
      "Lorg/eclipse/ui/dialogs/SelectionStatusDialog.okPressed()V",
      "Lorg/eclipse/ui/dialogs/SelectionStatusDialog.setImage(Lorg/eclipse/swt/graphics/Image;)V",
      "Lorg/eclipse/ui/dialogs/SelectionStatusDialog.setResult(ILjava/lang/Object;)V",
      "Lorg/eclipse/ui/dialogs/SelectionStatusDialog.setStatusLineAboveButtons(Z)V",
      "Lorg/eclipse/ui/dialogs/SelectionStatusDialog.updateButtonsEnableState(Lorg/eclipse/core/runtime/IStatus;)V",
      "Lorg/eclipse/ui/dialogs/SelectionStatusDialog.updateStatus(Lorg/eclipse/core/runtime/IStatus;)V"
    ]
  },
  {
    "frequency": 1,
    "overriddenMethods": [
      "Lorg/eclipse/jface/dialogs/Dialog.createDialogArea(Lorg/eclipse/swt/widgets/Composite;)Lorg/eclipse/swt/widgets/Control;",
      "Lorg/eclipse/jface/window/Window.open()I",
      "Lorg/eclipse/ui/dialogs/SelectionDialog.setTitle(Ljava/lang/String;)V",
      "Lorg/eclipse/ui/dialogs/SelectionStatusDialog.computeResult()V",
      "Lorg/eclipse/ui/dialogs/SelectionStatusDialog.configureShell(Lorg/eclipse/swt/widgets/Shell;)V",
      "Lorg/eclipse/ui/dialogs/SelectionStatusDialog.okPressed()V"
    ]
  },
  {
    "frequency": 24,
    "overriddenMethods": [
      "Lorg/eclipse/jface/dialogs/Dialog.createDialogArea(Lorg/eclipse/swt/widgets/Composite;)Lorg/eclipse/swt/widgets/Control;",
      "Lorg/eclipse/ui/dialogs/SelectionStatusDialog.computeResult()V"
    ]
  },
  {
    "frequency": 1,
    "overriddenMethods": [
      "Lorg/eclipse/jface/dialogs/Dialog.buttonPressed(I)V",
      "Lorg/eclipse/jface/dialogs/Dialog.createDialogArea(Lorg/eclipse/swt/widgets/Composite;)Lorg/eclipse/swt/widgets/Control;",
      "Lorg/eclipse/ui/dialogs/SelectionStatusDialog.computeResult()V",
      "Lorg/eclipse/ui/dialogs/SelectionStatusDialog.create()V"
    ]
  },
  {
    "frequency": 1,
    "overriddenMethods": [
      "Lorg/eclipse/jface/dialogs/Dialog.createDialogArea(Lorg/eclipse/swt/widgets/Composite;)Lorg/eclipse/swt/widgets/Control;",
      "Lorg/eclipse/ui/dialogs/SelectionDialog.getResult()[Ljava/lang/Object;",
      "Lorg/eclipse/ui/dialogs/SelectionStatusDialog.computeResult()V"
    ]
  },
  {
    "frequency": 1,
    "overriddenMethods": [
      "Lorg/eclipse/jface/dialogs/Dialog.cancelPressed()V",
      "Lorg/eclipse/jface/dialogs/Dialog.createDialogArea(Lorg/eclipse/swt/widgets/Composite;)Lorg/eclipse/swt/widgets/Control;",
      "Lorg/eclipse/jface/window/Window.handleShellCloseEvent()V",
      "Lorg/eclipse/jface/window/Window.open()I",
      "Lorg/eclipse/ui/dialogs/SelectionStatusDialog.computeResult()V",
      "Lorg/eclipse/ui/dialogs/SelectionStatusDialog.create()V"
    ]
  },
  {
    "frequency": 1,
    "overriddenMethods": [
      "Lorg/eclipse/jface/dialogs/Dialog.cancelPressed()V",
      "Lorg/eclipse/jface/dialogs/Dialog.createDialogArea(Lorg/eclipse/swt/widgets/Composite;)Lorg/eclipse/swt/widgets/Control;",
      "Lorg/eclipse/ui/dialogs/SelectionStatusDialog.computeResult()V"
    ]
  },
  {
    "frequency": 1,
    "overriddenMethods": [
      "Lorg/eclipse/jface/dialogs/Dialog.createDialogArea(Lorg/eclipse/swt/widgets/Composite;)Lorg/eclipse/swt/widgets/Control;",
      "Lorg/eclipse/ui/dialogs/SelectionStatusDialog.computeResult()V",
      "Lorg/eclipse/ui/dialogs/SelectionStatusDialog.updateStatus(Lorg/eclipse/core/runtime/IStatus;)V"
    ]
  },
  {
    "frequency": 1,
    "overriddenMethods": [
      "Lorg/eclipse/jface/dialogs/Dialog.buttonPressed(I)V",
      "Lorg/eclipse/jface/dialogs/Dialog.createDialogArea(Lorg/eclipse/swt/widgets/Composite;)Lorg/eclipse/swt/widgets/Control;",
      "Lorg/eclipse/ui/dialogs/SelectionDialog.setTitle(Ljava/lang/String;)V",
      "Lorg/eclipse/ui/dialogs/SelectionStatusDialog.computeResult()V",
      "Lorg/eclipse/ui/dialogs/SelectionStatusDialog.create()V"
    ]
  },
  {
    "frequency": 7,
    "overriddenMethods": [
      "Lorg/eclipse/jface/dialogs/Dialog.cancelPressed()V",
      "Lorg/eclipse/jface/dialogs/Dialog.createDialogArea(Lorg/eclipse/swt/widgets/Composite;)Lorg/eclipse/swt/widgets/Control;",
      "Lorg/eclipse/jface/window/Window.open()I",
      "Lorg/eclipse/ui/dialogs/SelectionStatusDialog.computeResult()V",
      "Lorg/eclipse/ui/dialogs/SelectionStatusDialog.create()V"
    ]
  },
  {
    "frequency": 2,
    "overriddenMethods": [
      "Lorg/eclipse/jface/dialogs/Dialog.createDialogArea(Lorg/eclipse/swt/widgets/Composite;)Lorg/eclipse/swt/widgets/Control;",
      "Lorg/eclipse/jface/dialogs/TrayDialog.close()Z",
      "Lorg/eclipse/ui/dialogs/SelectionDialog.getDialogBoundsSettings()Lorg/eclipse/jface/dialogs/IDialogSettings;",
      "Lorg/eclipse/ui/dialogs/SelectionDialog.isResizable()Z",
      "Lorg/eclipse/ui/dialogs/SelectionStatusDialog.computeResult()V",
      "Lorg/eclipse/ui/dialogs/SelectionStatusDialog.configureShell(Lorg/eclipse/swt/widgets/Shell;)V",
      "Lorg/eclipse/ui/dialogs/SelectionStatusDialog.okPressed()V"
    ]
  },
  {
    "frequency": 1,
    "overriddenMethods": [
      "Lorg/eclipse/ui/dialogs/SelectionStatusDialog.computeResult()V"
    ]
  }
]