[
  {
    "frequency": 1,
    "overriddenMethods": [
      "Lorg/eclipse/jface/dialogs/Dialog.buttonPressed(I)V",
      "Lorg/eclipse/ui/dialogs/SelectionDialog.createButtonsForButtonBar(Lorg/eclipse/swt/widgets/Composite;)V",
      "Lorg/eclipse/ui/dialogs/TwoPaneElementSelector.computeResult()V",
      "Lorg/eclipse/ui/dialogs/TwoPaneElementSelector.createLowerList(Lorg/eclipse/swt/widgets/Composite;)Lorg/eclipse/swt/widgets/Table;",
      "Lorg/eclipse/ui/dialogs/TwoPaneElementSelector.handleDefaultSelected()V"
    ]
  },
  {
    "frequency": 1,
    "overriddenMethods": []
  },
  {
    "frequency": 2,
    "overriddenMethods": [
      "Lorg/eclipse/ui/dialogs/AbstractElementListSelectionDialog.open()I"
    ]
  },
  {
    "frequency": 1,
    "overriddenMethods": [
      "Lorg/eclipse/ui/dialogs/AbstractElementListSelectionDialog.createFilteredList(Lorg/eclipse/swt/widgets/Composite;)Lorg/eclipse/ui/dialogs/FilteredList;",
      "Lorg/eclipse/ui/dialogs/AbstractElementListSelectionDialog.open()I",
      "Lorg/eclipse/ui/dialogs/TwoPaneElementSelector.computeResult()V"
    ]
  },
  {
    "frequency": 1,
    "overriddenMethods": [
      "Lorg/eclipse/ui/dialogs/AbstractElementListSelectionDialog.createFilterText(Lorg/eclipse/swt/widgets/Composite;)Lorg/eclipse/swt/widgets/Text;",
      "Lorg/eclipse/ui/dialogs/SelectionStatusDialog.okPressed()V"
    ]
  },
  {
    "frequency": 1,
    "overriddenMethods": [
      "Lorg/eclipse/jface/dialogs/Dialog.createContents(Lorg/eclipse/swt/widgets/Composite;)Lorg/eclipse/swt/widgets/Control;",
      "Lorg/eclipse/jface/dialogs/Dialog.getInitialLocation(Lorg/eclipse/swt/graphics/Point;)Lorg/eclipse/swt/graphics/Point;",
      "Lorg/eclipse/jface/dialogs/Dialog.getInitialSize()Lorg/eclipse/swt/graphics/Point;",
      "Lorg/eclipse/jface/dialogs/TrayDialog.close()Z",
      "Lorg/eclipse/ui/dialogs/AbstractElementListSelectionDialog.create()V",
      "Lorg/eclipse/ui/dialogs/AbstractElementListSelectionDialog.createFilterText(Lorg/eclipse/swt/widgets/Composite;)Lorg/eclipse/swt/widgets/Text;",
      "Lorg/eclipse/ui/dialogs/AbstractElementListSelectionDialog.createFilteredList(Lorg/eclipse/swt/widgets/Composite;)Lorg/eclipse/ui/dialogs/FilteredList;",
      "Lorg/eclipse/ui/dialogs/AbstractElementListSelectionDialog.getFoldedElements(I)[Ljava/lang/Object;",
      "Lorg/eclipse/ui/dialogs/TwoPaneElementSelector.computeResult()V"
    ]
  },
  {
    "frequency": 4,
    "overriddenMethods": [
      "Lorg/eclipse/ui/dialogs/AbstractElementListSelectionDialog.open()I",
      "Lorg/eclipse/ui/dialogs/SelectionStatusDialog.configureShell(Lorg/eclipse/swt/widgets/Shell;)V"
    ]
  },
  {
    "frequency": 1,
    "overriddenMethods": [
      "Lorg/eclipse/ui/dialogs/AbstractElementListSelectionDialog.open()I",
      "Lorg/eclipse/ui/dialogs/SelectionStatusDialog.configureShell(Lorg/eclipse/swt/widgets/Shell;)V",
      "Lorg/eclipse/ui/dialogs/TwoPaneElementSelector.createDialogArea(Lorg/eclipse/swt/widgets/Composite;)Lorg/eclipse/swt/widgets/Control;"
    ]
  },
  {
    "frequency": 1,
    "overriddenMethods": [
      "Lorg/eclipse/jface/dialogs/Dialog.close()Z",
      "Lorg/eclipse/jface/dialogs/Dialog.getInitialLocation(Lorg/eclipse/swt/graphics/Point;)Lorg/eclipse/swt/graphics/Point;",
      "Lorg/eclipse/jface/dialogs/Dialog.getInitialSize()Lorg/eclipse/swt/graphics/Point;",
      "Lorg/eclipse/ui/dialogs/TwoPaneElementSelector.createDialogArea(Lorg/eclipse/swt/widgets/Composite;)Lorg/eclipse/swt/widgets/Control;"
    ]
  }
]