[
  {
    "frequency": 4,
    "overriddenMethods": []
  },
  {
    "frequency": 1,
    "overriddenMethods": [
      "Ljava/lang/Object.toString()Ljava/lang/String;",
      "Lorg/eclipse/ui/commands/AbstractHandler.dispose()V",
      "Lorg/eclipse/ui/commands/AbstractHandler.getAttributeValuesByName()Ljava/util/Map;"
    ]
  },
  {
    "frequency": 1,
    "overriddenMethods": [
      "Ljava/lang/Object.toString()Ljava/lang/String;",
      "Lorg/eclipse/ui/commands/AbstractHandler.addHandlerListener(Lorg/eclipse/ui/commands/IHandlerListener;)V",
      "Lorg/eclipse/ui/commands/AbstractHandler.dispose()V",
      "Lorg/eclipse/ui/commands/AbstractHandler.getAttributeValuesByName()Ljava/util/Map;",
      "Lorg/eclipse/ui/commands/AbstractHandler.removeHandlerListener(Lorg/eclipse/ui/commands/IHandlerListener;)V"
    ]
  }
]