[
  {
    "frequency": 1,
    "overriddenMethods": [
      "Lorg/eclipse/ui/application/ActionBarAdvisor.restoreState(Lorg/eclipse/ui/IMemento;)Lorg/eclipse/core/runtime/IStatus;"
    ]
  },
  {
    "frequency": 1,
    "overriddenMethods": [
      "Lorg/eclipse/ui/application/ActionBarAdvisor.dispose()V",
      "Lorg/eclipse/ui/application/ActionBarAdvisor.fillCoolBar(Lorg/eclipse/jface/action/ICoolBarManager;)V",
      "Lorg/eclipse/ui/application/ActionBarAdvisor.fillMenuBar(Lorg/eclipse/jface/action/IMenuManager;)V",
      "Lorg/eclipse/ui/application/ActionBarAdvisor.makeActions(Lorg/eclipse/ui/IWorkbenchWindow;)V"
    ]
  },
  {
    "frequency": 1,
    "overriddenMethods": [
      "Lorg/eclipse/ui/application/ActionBarAdvisor.saveState(Lorg/eclipse/ui/IMemento;)Lorg/eclipse/core/runtime/IStatus;"
    ]
  },
  {
    "frequency": 1,
    "overriddenMethods": [
      "Lorg/eclipse/ui/application/ActionBarAdvisor.dispose()V",
      "Lorg/eclipse/ui/application/ActionBarAdvisor.makeActions(Lorg/eclipse/ui/IWorkbenchWindow;)V"
    ]
  },
  {
    "frequency": 1,
    "overriddenMethods": [
      "Lorg/eclipse/ui/application/ActionBarAdvisor.fillActionBars(I)V",
      "Lorg/eclipse/ui/application/ActionBarAdvisor.isApplicationMenu(Ljava/lang/String;)Z"
    ]
  },
  {
    "frequency": 1,
    "overriddenMethods": [
      "Lorg/eclipse/ui/application/ActionBarAdvisor.makeActions(Lorg/eclipse/ui/IWorkbenchWindow;)V"
    ]
  },
  {
    "frequency": 1,
    "overriddenMethods": [
      "Lorg/eclipse/ui/application/ActionBarAdvisor.dispose()V",
      "Lorg/eclipse/ui/application/ActionBarAdvisor.disposeAction(Lorg/eclipse/jface/action/IAction;)V",
      "Lorg/eclipse/ui/application/ActionBarAdvisor.disposeActions()V",
      "Lorg/eclipse/ui/application/ActionBarAdvisor.fillActionBars(I)V",
      "Lorg/eclipse/ui/application/ActionBarAdvisor.fillCoolBar(Lorg/eclipse/jface/action/ICoolBarManager;)V",
      "Lorg/eclipse/ui/application/ActionBarAdvisor.fillMenuBar(Lorg/eclipse/jface/action/IMenuManager;)V",
      "Lorg/eclipse/ui/application/ActionBarAdvisor.fillStatusLine(Lorg/eclipse/jface/action/IStatusLineManager;)V",
      "Lorg/eclipse/ui/application/ActionBarAdvisor.getAction(Ljava/lang/String;)Lorg/eclipse/jface/action/IAction;",
      "Lorg/eclipse/ui/application/ActionBarAdvisor.getActionBarConfigurer()Lorg/eclipse/ui/application/IActionBarConfigurer;",
      "Lorg/eclipse/ui/application/ActionBarAdvisor.isApplicationMenu(Ljava/lang/String;)Z",
      "Lorg/eclipse/ui/application/ActionBarAdvisor.makeActions(Lorg/eclipse/ui/IWorkbenchWindow;)V",
      "Lorg/eclipse/ui/application/ActionBarAdvisor.register(Lorg/eclipse/jface/action/IAction;)V",
      "Lorg/eclipse/ui/application/ActionBarAdvisor.restoreState(Lorg/eclipse/ui/IMemento;)Lorg/eclipse/core/runtime/IStatus;",
      "Lorg/eclipse/ui/application/ActionBarAdvisor.saveState(Lorg/eclipse/ui/IMemento;)Lorg/eclipse/core/runtime/IStatus;"
    ]
  },
  {
    "frequency": 1,
    "overriddenMethods": [
      "Lorg/eclipse/ui/application/ActionBarAdvisor.fillMenuBar(Lorg/eclipse/jface/action/IMenuManager;)V"
    ]
  },
  {
    "frequency": 7,
    "overriddenMethods": [
      "Lorg/eclipse/ui/application/ActionBarAdvisor.fillMenuBar(Lorg/eclipse/jface/action/IMenuManager;)V",
      "Lorg/eclipse/ui/application/ActionBarAdvisor.makeActions(Lorg/eclipse/ui/IWorkbenchWindow;)V"
    ]
  },
  {
    "frequency": 1,
    "overriddenMethods": [
      "Lorg/eclipse/ui/application/ActionBarAdvisor.dispose()V",
      "Lorg/eclipse/ui/application/ActionBarAdvisor.fillActionBars(I)V",
      "Lorg/eclipse/ui/application/ActionBarAdvisor.fillCoolBar(Lorg/eclipse/jface/action/ICoolBarManager;)V",
      "Lorg/eclipse/ui/application/ActionBarAdvisor.fillMenuBar(Lorg/eclipse/jface/action/IMenuManager;)V"
    ]
  },
  {
    "frequency": 1,
    "overriddenMethods": [
      "Lorg/eclipse/ui/application/ActionBarAdvisor.dispose()V",
      "Lorg/eclipse/ui/application/ActionBarAdvisor.fillActionBars(I)V",
      "Lorg/eclipse/ui/application/ActionBarAdvisor.fillCoolBar(Lorg/eclipse/jface/action/ICoolBarManager;)V",
      "Lorg/eclipse/ui/application/ActionBarAdvisor.fillMenuBar(Lorg/eclipse/jface/action/IMenuManager;)V",
      "Lorg/eclipse/ui/application/ActionBarAdvisor.fillStatusLine(Lorg/eclipse/jface/action/IStatusLineManager;)V",
      "Lorg/eclipse/ui/application/ActionBarAdvisor.isApplicationMenu(Ljava/lang/String;)Z",
      "Lorg/eclipse/ui/application/ActionBarAdvisor.makeActions(Lorg/eclipse/ui/IWorkbenchWindow;)V"
    ]
  },
  {
    "frequency": 3,
    "overriddenMethods": [
      "Lorg/eclipse/ui/application/ActionBarAdvisor.fillCoolBar(Lorg/eclipse/jface/action/ICoolBarManager;)V",
      "Lorg/eclipse/ui/application/ActionBarAdvisor.fillMenuBar(Lorg/eclipse/jface/action/IMenuManager;)V",
      "Lorg/eclipse/ui/application/ActionBarAdvisor.makeActions(Lorg/eclipse/ui/IWorkbenchWindow;)V"
    ]
  },
  {
    "frequency": 1,
    "overriddenMethods": [
      "Lorg/eclipse/ui/application/ActionBarAdvisor.fillCoolBar(Lorg/eclipse/jface/action/ICoolBarManager;)V",
      "Lorg/eclipse/ui/application/ActionBarAdvisor.fillMenuBar(Lorg/eclipse/jface/action/IMenuManager;)V"
    ]
  }
]