[
  {
    "frequency": 2,
    "overriddenMethods": [
      "Lorg/eclipse/ui/application/WorkbenchAdvisor.createWorkbenchWindowAdvisor(Lorg/eclipse/ui/application/IWorkbenchWindowConfigurer;)Lorg/eclipse/ui/application/WorkbenchWindowAdvisor;",
      "Lorg/eclipse/ui/application/WorkbenchAdvisor.getInitialWindowPerspectiveId()Ljava/lang/String;"
    ]
  },
  {
    "frequency": 1,
    "overriddenMethods": [
      "Lorg/eclipse/ui/application/WorkbenchAdvisor.getInitialWindowPerspectiveId()Ljava/lang/String;",
      "Lorg/eclipse/ui/application/WorkbenchAdvisor.postStartup()V"
    ]
  },
  {
    "frequency": 1,
    "overriddenMethods": [
      "Lorg/eclipse/ui/application/WorkbenchAdvisor.createWorkbenchWindowAdvisor(Lorg/eclipse/ui/application/IWorkbenchWindowConfigurer;)Lorg/eclipse/ui/application/WorkbenchWindowAdvisor;",
      "Lorg/eclipse/ui/application/WorkbenchAdvisor.eventLoopIdle(Lorg/eclipse/swt/widgets/Display;)V",
      "Lorg/eclipse/ui/application/WorkbenchAdvisor.getDefaultPageInput()Lorg/eclipse/core/runtime/IAdaptable;",
      "Lorg/eclipse/ui/application/WorkbenchAdvisor.getInitialWindowPerspectiveId()Ljava/lang/String;",
      "Lorg/eclipse/ui/application/WorkbenchAdvisor.getMainPreferencePageId()Ljava/lang/String;",
      "Lorg/eclipse/ui/application/WorkbenchAdvisor.getWorkbenchErrorHandler()Lorg/eclipse/ui/statushandlers/AbstractStatusHandler;",
      "Lorg/eclipse/ui/application/WorkbenchAdvisor.initialize(Lorg/eclipse/ui/application/IWorkbenchConfigurer;)V",
      "Lorg/eclipse/ui/application/WorkbenchAdvisor.postShutdown()V",
      "Lorg/eclipse/ui/application/WorkbenchAdvisor.postStartup()V",
      "Lorg/eclipse/ui/application/WorkbenchAdvisor.preShutdown()Z",
      "Lorg/eclipse/ui/application/WorkbenchAdvisor.preStartup()V"
    ]
  },
  {
    "frequency": 1,
    "overriddenMethods": [
      "Lorg/eclipse/ui/application/WorkbenchAdvisor.createWorkbenchWindowAdvisor(Lorg/eclipse/ui/application/IWorkbenchWindowConfigurer;)Lorg/eclipse/ui/application/WorkbenchWindowAdvisor;",
      "Lorg/eclipse/ui/application/WorkbenchAdvisor.getInitialWindowPerspectiveId()Ljava/lang/String;",
      "Lorg/eclipse/ui/application/WorkbenchAdvisor.getWorkbenchErrorHandler()Lorg/eclipse/ui/statushandlers/AbstractStatusHandler;",
      "Lorg/eclipse/ui/application/WorkbenchAdvisor.postStartup()V",
      "Lorg/eclipse/ui/application/WorkbenchAdvisor.preShutdown()Z"
    ]
  },
  {
    "frequency": 1,
    "overriddenMethods": [
      "Lorg/eclipse/ui/application/WorkbenchAdvisor.getInitialWindowPerspectiveId()Ljava/lang/String;",
      "Lorg/eclipse/ui/application/WorkbenchAdvisor.postShutdown()V",
      "Lorg/eclipse/ui/application/WorkbenchAdvisor.postStartup()V"
    ]
  },
  {
    "frequency": 2,
    "overriddenMethods": [
      "Lorg/eclipse/ui/application/WorkbenchAdvisor.createWorkbenchWindowAdvisor(Lorg/eclipse/ui/application/IWorkbenchWindowConfigurer;)Lorg/eclipse/ui/application/WorkbenchWindowAdvisor;",
      "Lorg/eclipse/ui/application/WorkbenchAdvisor.getInitialWindowPerspectiveId()Ljava/lang/String;",
      "Lorg/eclipse/ui/application/WorkbenchAdvisor.postStartup()V"
    ]
  },
  {
    "frequency": 1,
    "overriddenMethods": [
      "Lorg/eclipse/ui/application/WorkbenchAdvisor.createWorkbenchWindowAdvisor(Lorg/eclipse/ui/application/IWorkbenchWindowConfigurer;)Lorg/eclipse/ui/application/WorkbenchWindowAdvisor;",
      "Lorg/eclipse/ui/application/WorkbenchAdvisor.eventLoopException(Ljava/lang/Throwable;)V",
      "Lorg/eclipse/ui/application/WorkbenchAdvisor.getDefaultPageInput()Lorg/eclipse/core/runtime/IAdaptable;",
      "Lorg/eclipse/ui/application/WorkbenchAdvisor.getInitialWindowPerspectiveId()Ljava/lang/String;",
      "Lorg/eclipse/ui/application/WorkbenchAdvisor.initialize(Lorg/eclipse/ui/application/IWorkbenchConfigurer;)V",
      "Lorg/eclipse/ui/application/WorkbenchAdvisor.postStartup()V",
      "Lorg/eclipse/ui/application/WorkbenchAdvisor.preShutdown()Z",
      "Lorg/eclipse/ui/application/WorkbenchAdvisor.preStartup()V"
    ]
  },
  {
    "frequency": 1,
    "overriddenMethods": [
      "Lorg/eclipse/ui/application/WorkbenchAdvisor.createWorkbenchWindowAdvisor(Lorg/eclipse/ui/application/IWorkbenchWindowConfigurer;)Lorg/eclipse/ui/application/WorkbenchWindowAdvisor;",
      "Lorg/eclipse/ui/application/WorkbenchAdvisor.getInitialWindowPerspectiveId()Ljava/lang/String;",
      "Lorg/eclipse/ui/application/WorkbenchAdvisor.initialize(Lorg/eclipse/ui/application/IWorkbenchConfigurer;)V",
      "Lorg/eclipse/ui/application/WorkbenchAdvisor.postStartup()V",
      "Lorg/eclipse/ui/application/WorkbenchAdvisor.preShutdown()Z"
    ]
  },
  {
    "frequency": 6,
    "overriddenMethods": [
      "Lorg/eclipse/ui/application/WorkbenchAdvisor.createWorkbenchWindowAdvisor(Lorg/eclipse/ui/application/IWorkbenchWindowConfigurer;)Lorg/eclipse/ui/application/WorkbenchWindowAdvisor;",
      "Lorg/eclipse/ui/application/WorkbenchAdvisor.getInitialWindowPerspectiveId()Ljava/lang/String;",
      "Lorg/eclipse/ui/application/WorkbenchAdvisor.initialize(Lorg/eclipse/ui/application/IWorkbenchConfigurer;)V"
    ]
  },
  {
    "frequency": 1,
    "overriddenMethods": [
      "Lorg/eclipse/ui/application/WorkbenchAdvisor.getInitialWindowPerspectiveId()Ljava/lang/String;",
      "Lorg/eclipse/ui/application/WorkbenchAdvisor.openWindows()Z",
      "Lorg/eclipse/ui/application/WorkbenchAdvisor.postShutdown()V",
      "Lorg/eclipse/ui/application/WorkbenchAdvisor.postStartup()V",
      "Lorg/eclipse/ui/application/WorkbenchAdvisor.preShutdown()Z",
      "Lorg/eclipse/ui/application/WorkbenchAdvisor.preStartup()V"
    ]
  },
  {
    "frequency": 1,
    "overriddenMethods": [
      "Lorg/eclipse/ui/application/WorkbenchAdvisor.createWorkbenchWindowAdvisor(Lorg/eclipse/ui/application/IWorkbenchWindowConfigurer;)Lorg/eclipse/ui/application/WorkbenchWindowAdvisor;",
      "Lorg/eclipse/ui/application/WorkbenchAdvisor.fillActionBars(Lorg/eclipse/ui/IWorkbenchWindow;Lorg/eclipse/ui/application/IActionBarConfigurer;I)V",
      "Lorg/eclipse/ui/application/WorkbenchAdvisor.getInitialWindowPerspectiveId()Ljava/lang/String;",
      "Lorg/eclipse/ui/application/WorkbenchAdvisor.initialize(Lorg/eclipse/ui/application/IWorkbenchConfigurer;)V"
    ]
  },
  {
    "frequency": 1,
    "overriddenMethods": [
      "Lorg/eclipse/ui/application/WorkbenchAdvisor.eventLoopIdle(Lorg/eclipse/swt/widgets/Display;)V",
      "Lorg/eclipse/ui/application/WorkbenchAdvisor.getInitialWindowPerspectiveId()Ljava/lang/String;",
      "Lorg/eclipse/ui/application/WorkbenchAdvisor.initialize(Lorg/eclipse/ui/application/IWorkbenchConfigurer;)V",
      "Lorg/eclipse/ui/application/WorkbenchAdvisor.postStartup()V",
      "Lorg/eclipse/ui/application/WorkbenchAdvisor.preStartup()V"
    ]
  },
  {
    "frequency": 1,
    "overriddenMethods": [
      "Lorg/eclipse/ui/application/WorkbenchAdvisor.createWorkbenchWindowAdvisor(Lorg/eclipse/ui/application/IWorkbenchWindowConfigurer;)Lorg/eclipse/ui/application/WorkbenchWindowAdvisor;",
      "Lorg/eclipse/ui/application/WorkbenchAdvisor.getDefaultPageInput()Lorg/eclipse/core/runtime/IAdaptable;",
      "Lorg/eclipse/ui/application/WorkbenchAdvisor.getInitialWindowPerspectiveId()Ljava/lang/String;",
      "Lorg/eclipse/ui/application/WorkbenchAdvisor.initialize(Lorg/eclipse/ui/application/IWorkbenchConfigurer;)V",
      "Lorg/eclipse/ui/application/WorkbenchAdvisor.preStartup()V"
    ]
  },
  {
    "frequency": 1,
    "overriddenMethods": [
      "Lorg/eclipse/ui/application/WorkbenchAdvisor.getInitialWindowPerspectiveId()Ljava/lang/String;",
      "Lorg/eclipse/ui/application/WorkbenchAdvisor.openWindows()Z",
      "Lorg/eclipse/ui/application/WorkbenchAdvisor.preStartup()V"
    ]
  }
]