[
  {
    "frequency": 18,
    "overriddenMethods": [
      "Lorg/eclipse/ui/plugin/AbstractUIPlugin.createImageRegistry()Lorg/eclipse/jface/resource/ImageRegistry;",
      "Lorg/eclipse/ui/plugin/AbstractUIPlugin.start(Lorg/osgi/framework/BundleContext;)V",
      "Lorg/eclipse/ui/plugin/AbstractUIPlugin.stop(Lorg/osgi/framework/BundleContext;)V"
    ]
  },
  {
    "frequency": 161,
    "overriddenMethods": []
  },
  {
    "frequency": 3,
    "overriddenMethods": [
      "Lorg/eclipse/ui/plugin/AbstractUIPlugin.initializeImageRegistry(Lorg/eclipse/jface/resource/ImageRegistry;)V",
      "Lorg/eclipse/ui/plugin/AbstractUIPlugin.start(Lorg/osgi/framework/BundleContext;)V"
    ]
  },
  {
    "frequency": 1,
    "overriddenMethods": [
      "Lorg/eclipse/ui/plugin/AbstractUIPlugin.createImageRegistry()Lorg/eclipse/jface/resource/ImageRegistry;",
      "Lorg/eclipse/ui/plugin/AbstractUIPlugin.getImageRegistry()Lorg/eclipse/jface/resource/ImageRegistry;",
      "Lorg/eclipse/ui/plugin/AbstractUIPlugin.start(Lorg/osgi/framework/BundleContext;)V",
      "Lorg/eclipse/ui/plugin/AbstractUIPlugin.stop(Lorg/osgi/framework/BundleContext;)V"
    ]
  },
  {
    "frequency": 5,
    "overriddenMethods": [
      "Lorg/eclipse/ui/plugin/AbstractUIPlugin.initializeImageRegistry(Lorg/eclipse/jface/resource/ImageRegistry;)V"
    ]
  },
  {
    "frequency": 2,
    "overriddenMethods": [
      "Lorg/eclipse/ui/plugin/AbstractUIPlugin.initializeImageRegistry(Lorg/eclipse/jface/resource/ImageRegistry;)V",
      "Lorg/eclipse/ui/plugin/AbstractUIPlugin.stop(Lorg/osgi/framework/BundleContext;)V"
    ]
  },
  {
    "frequency": 1,
    "overriddenMethods": [
      "Lorg/eclipse/ui/plugin/AbstractUIPlugin.initializeDefaultPreferences(Lorg/eclipse/jface/preference/IPreferenceStore;)V",
      "Lorg/eclipse/ui/plugin/AbstractUIPlugin.stop(Lorg/osgi/framework/BundleContext;)V"
    ]
  },
  {
    "frequency": 3,
    "overriddenMethods": [
      "Lorg/eclipse/ui/plugin/AbstractUIPlugin.createImageRegistry()Lorg/eclipse/jface/resource/ImageRegistry;"
    ]
  },
  {
    "frequency": 2,
    "overriddenMethods": [
      "Lorg/eclipse/ui/plugin/AbstractUIPlugin.initializeDefaultPreferences(Lorg/eclipse/jface/preference/IPreferenceStore;)V"
    ]
  },
  {
    "frequency": 2,
    "overriddenMethods": [
      "Lorg/eclipse/ui/plugin/AbstractUIPlugin.getPreferenceStore()Lorg/eclipse/jface/preference/IPreferenceStore;",
      "Lorg/eclipse/ui/plugin/AbstractUIPlugin.initializeImageRegistry(Lorg/eclipse/jface/resource/ImageRegistry;)V",
      "Lorg/eclipse/ui/plugin/AbstractUIPlugin.start(Lorg/osgi/framework/BundleContext;)V",
      "Lorg/eclipse/ui/plugin/AbstractUIPlugin.stop(Lorg/osgi/framework/BundleContext;)V"
    ]
  },
  {
    "frequency": 7,
    "overriddenMethods": [
      "Lorg/eclipse/ui/plugin/AbstractUIPlugin.getImageRegistry()Lorg/eclipse/jface/resource/ImageRegistry;",
      "Lorg/eclipse/ui/plugin/AbstractUIPlugin.start(Lorg/osgi/framework/BundleContext;)V",
      "Lorg/eclipse/ui/plugin/AbstractUIPlugin.stop(Lorg/osgi/framework/BundleContext;)V"
    ]
  },
  {
    "frequency": 16,
    "overriddenMethods": [
      "Lorg/eclipse/ui/plugin/AbstractUIPlugin.initializeDefaultPreferences(Lorg/eclipse/jface/preference/IPreferenceStore;)V",
      "Lorg/eclipse/ui/plugin/AbstractUIPlugin.start(Lorg/osgi/framework/BundleContext;)V",
      "Lorg/eclipse/ui/plugin/AbstractUIPlugin.stop(Lorg/osgi/framework/BundleContext;)V"
    ]
  },
  {
    "frequency": 35,
    "overriddenMethods": [
      "Lorg/eclipse/ui/plugin/AbstractUIPlugin.start(Lorg/osgi/framework/BundleContext;)V"
    ]
  },
  {
    "frequency": 1,
    "overriddenMethods": [
      "Lorg/eclipse/core/runtime/Plugin.getDebugOptions()Lorg/eclipse/osgi/service/debug/DebugOptions;",
      "Lorg/eclipse/ui/plugin/AbstractUIPlugin.createImageRegistry()Lorg/eclipse/jface/resource/ImageRegistry;",
      "Lorg/eclipse/ui/plugin/AbstractUIPlugin.getWorkbench()Lorg/eclipse/ui/IWorkbench;",
      "Lorg/eclipse/ui/plugin/AbstractUIPlugin.initializeDefaultPreferences(Lorg/eclipse/jface/preference/IPreferenceStore;)V",
      "Lorg/eclipse/ui/plugin/AbstractUIPlugin.start(Lorg/osgi/framework/BundleContext;)V",
      "Lorg/eclipse/ui/plugin/AbstractUIPlugin.stop(Lorg/osgi/framework/BundleContext;)V"
    ]
  },
  {
    "frequency": 2,
    "overriddenMethods": [
      "Lorg/eclipse/core/runtime/Plugin.getDebugOptions()Lorg/eclipse/osgi/service/debug/DebugOptions;",
      "Lorg/eclipse/ui/plugin/AbstractUIPlugin.start(Lorg/osgi/framework/BundleContext;)V",
      "Lorg/eclipse/ui/plugin/AbstractUIPlugin.stop(Lorg/osgi/framework/BundleContext;)V"
    ]
  },
  {
    "frequency": 1,
    "overriddenMethods": [
      "Lorg/eclipse/ui/plugin/AbstractUIPlugin.createImageRegistry()Lorg/eclipse/jface/resource/ImageRegistry;",
      "Lorg/eclipse/ui/plugin/AbstractUIPlugin.getImageRegistry()Lorg/eclipse/jface/resource/ImageRegistry;",
      "Lorg/eclipse/ui/plugin/AbstractUIPlugin.start(Lorg/osgi/framework/BundleContext;)V"
    ]
  },
  {
    "frequency": 2,
    "overriddenMethods": [
      "Lorg/eclipse/ui/plugin/AbstractUIPlugin.initializeDefaultPreferences(Lorg/eclipse/jface/preference/IPreferenceStore;)V",
      "Lorg/eclipse/ui/plugin/AbstractUIPlugin.start(Lorg/osgi/framework/BundleContext;)V"
    ]
  },
  {
    "frequency": 1,
    "overriddenMethods": [
      "Lorg/eclipse/core/runtime/Plugin.toString()Ljava/lang/String;",
      "Lorg/eclipse/ui/plugin/AbstractUIPlugin.initializeDefaultPreferences(Lorg/eclipse/jface/preference/IPreferenceStore;)V",
      "Lorg/eclipse/ui/plugin/AbstractUIPlugin.start(Lorg/osgi/framework/BundleContext;)V",
      "Lorg/eclipse/ui/plugin/AbstractUIPlugin.stop(Lorg/osgi/framework/BundleContext;)V"
    ]
  },
  {
    "frequency": 1,
    "overriddenMethods": [
      "Lorg/eclipse/ui/plugin/AbstractUIPlugin.shutdown()V",
      "Lorg/eclipse/ui/plugin/AbstractUIPlugin.startup()V"
    ]
  },
  {
    "frequency": 2,
    "overriddenMethods": [
      "Lorg/eclipse/ui/plugin/AbstractUIPlugin.createImageRegistry()Lorg/eclipse/jface/resource/ImageRegistry;",
      "Lorg/eclipse/ui/plugin/AbstractUIPlugin.getImageRegistry()Lorg/eclipse/jface/resource/ImageRegistry;",
      "Lorg/eclipse/ui/plugin/AbstractUIPlugin.initializeImageRegistry(Lorg/eclipse/jface/resource/ImageRegistry;)V",
      "Lorg/eclipse/ui/plugin/AbstractUIPlugin.start(Lorg/osgi/framework/BundleContext;)V",
      "Lorg/eclipse/ui/plugin/AbstractUIPlugin.stop(Lorg/osgi/framework/BundleContext;)V"
    ]
  },
  {
    "frequency": 2,
    "overriddenMethods": [
      "Lorg/eclipse/ui/plugin/AbstractUIPlugin.createImageRegistry()Lorg/eclipse/jface/resource/ImageRegistry;",
      "Lorg/eclipse/ui/plugin/AbstractUIPlugin.stop(Lorg/osgi/framework/BundleContext;)V"
    ]
  },
  {
    "frequency": 1,
    "overriddenMethods": [
      "Lorg/eclipse/ui/plugin/AbstractUIPlugin.refreshPluginActions()V",
      "Lorg/eclipse/ui/plugin/AbstractUIPlugin.start(Lorg/osgi/framework/BundleContext;)V",
      "Lorg/eclipse/ui/plugin/AbstractUIPlugin.stop(Lorg/osgi/framework/BundleContext;)V"
    ]
  },
  {
    "frequency": 19,
    "overriddenMethods": [
      "Lorg/eclipse/ui/plugin/AbstractUIPlugin.stop(Lorg/osgi/framework/BundleContext;)V"
    ]
  },
  {
    "frequency": 8,
    "overriddenMethods": [
      "Lorg/eclipse/ui/plugin/AbstractUIPlugin.initializeDefaultPluginPreferences()V",
      "Lorg/eclipse/ui/plugin/AbstractUIPlugin.start(Lorg/osgi/framework/BundleContext;)V",
      "Lorg/eclipse/ui/plugin/AbstractUIPlugin.stop(Lorg/osgi/framework/BundleContext;)V"
    ]
  },
  {
    "frequency": 29,
    "overriddenMethods": [
      "Lorg/eclipse/ui/plugin/AbstractUIPlugin.getPreferenceStore()Lorg/eclipse/jface/preference/IPreferenceStore;",
      "Lorg/eclipse/ui/plugin/AbstractUIPlugin.start(Lorg/osgi/framework/BundleContext;)V",
      "Lorg/eclipse/ui/plugin/AbstractUIPlugin.stop(Lorg/osgi/framework/BundleContext;)V"
    ]
  },
  {
    "frequency": 1,
    "overriddenMethods": [
      "Lorg/eclipse/ui/plugin/AbstractUIPlugin.createImageRegistry()Lorg/eclipse/jface/resource/ImageRegistry;",
      "Lorg/eclipse/ui/plugin/AbstractUIPlugin.initializeDefaultPreferences(Lorg/eclipse/jface/preference/IPreferenceStore;)V",
      "Lorg/eclipse/ui/plugin/AbstractUIPlugin.start(Lorg/osgi/framework/BundleContext;)V"
    ]
  },
  {
    "frequency": 102,
    "overriddenMethods": [
      "Lorg/eclipse/ui/plugin/AbstractUIPlugin.initializeImageRegistry(Lorg/eclipse/jface/resource/ImageRegistry;)V",
      "Lorg/eclipse/ui/plugin/AbstractUIPlugin.start(Lorg/osgi/framework/BundleContext;)V",
      "Lorg/eclipse/ui/plugin/AbstractUIPlugin.stop(Lorg/osgi/framework/BundleContext;)V"
    ]
  },
  {
    "frequency": 1,
    "overriddenMethods": [
      "Lorg/eclipse/ui/plugin/AbstractUIPlugin.createImageRegistry()Lorg/eclipse/jface/resource/ImageRegistry;",
      "Lorg/eclipse/ui/plugin/AbstractUIPlugin.initializeDefaultPreferences(Lorg/eclipse/jface/preference/IPreferenceStore;)V",
      "Lorg/eclipse/ui/plugin/AbstractUIPlugin.stop(Lorg/osgi/framework/BundleContext;)V"
    ]
  },
  {
    "frequency": 1,
    "overriddenMethods": [
      "Lorg/eclipse/ui/plugin/AbstractUIPlugin.getPreferenceStore()Lorg/eclipse/jface/preference/IPreferenceStore;"
    ]
  },
  {
    "frequency": 1,
    "overriddenMethods": [
      "Lorg/eclipse/ui/plugin/AbstractUIPlugin.saveDialogSettings()V",
      "Lorg/eclipse/ui/plugin/AbstractUIPlugin.start(Lorg/osgi/framework/BundleContext;)V",
      "Lorg/eclipse/ui/plugin/AbstractUIPlugin.stop(Lorg/osgi/framework/BundleContext;)V"
    ]
  },
  {
    "frequency": 1806,
    "overriddenMethods": [
      "Lorg/eclipse/ui/plugin/AbstractUIPlugin.start(Lorg/osgi/framework/BundleContext;)V",
      "Lorg/eclipse/ui/plugin/AbstractUIPlugin.stop(Lorg/osgi/framework/BundleContext;)V"
    ]
  },
  {
    "frequency": 1,
    "overriddenMethods": [
      "Lorg/eclipse/ui/plugin/AbstractUIPlugin.initializeDefaultPluginPreferences()V",
      "Lorg/eclipse/ui/plugin/AbstractUIPlugin.initializeDefaultPreferences(Lorg/eclipse/jface/preference/IPreferenceStore;)V",
      "Lorg/eclipse/ui/plugin/AbstractUIPlugin.start(Lorg/osgi/framework/BundleContext;)V",
      "Lorg/eclipse/ui/plugin/AbstractUIPlugin.stop(Lorg/osgi/framework/BundleContext;)V"
    ]
  },
  {
    "frequency": 2,
    "overriddenMethods": [
      "Lorg/eclipse/ui/plugin/AbstractUIPlugin.initializeDefaultPluginPreferences()V"
    ]
  }
]