[
  {
    "frequency": 1,
    "overriddenMethods": [
      "Lorg/eclipse/ui/progress/DeferredTreeContentManager.addChildren(Ljava/lang/Object;[Ljava/lang/Object;Lorg/eclipse/core/runtime/IProgressMonitor;)V",
      "Lorg/eclipse/ui/progress/DeferredTreeContentManager.getAdapter(Ljava/lang/Object;)Lorg/eclipse/ui/progress/IDeferredWorkbenchAdapter;"
    ]
  },
  {
    "frequency": 1,
    "overriddenMethods": [
      "Lorg/eclipse/ui/progress/DeferredTreeContentManager.createPendingUpdateAdapter()Lorg/eclipse/ui/progress/PendingUpdateAdapter;",
      "Lorg/eclipse/ui/progress/DeferredTreeContentManager.getAdapter(Ljava/lang/Object;)Lorg/eclipse/ui/progress/IDeferredWorkbenchAdapter;"
    ]
  },
  {
    "frequency": 1,
    "overriddenMethods": [
      "Lorg/eclipse/ui/progress/DeferredTreeContentManager.createPendingUpdateAdapter()Lorg/eclipse/ui/progress/PendingUpdateAdapter;",
      "Lorg/eclipse/ui/progress/DeferredTreeContentManager.getChildren(Ljava/lang/Object;)[Ljava/lang/Object;",
      "Lorg/eclipse/ui/progress/DeferredTreeContentManager.runClearPlaceholderJob(Lorg/eclipse/ui/progress/PendingUpdateAdapter;)V",
      "Lorg/eclipse/ui/progress/DeferredTreeContentManager.startFetchingDeferredChildren(Ljava/lang/Object;Lorg/eclipse/ui/progress/IDeferredWorkbenchAdapter;Lorg/eclipse/ui/progress/PendingUpdateAdapter;)V"
    ]
  },
  {
    "frequency": 2,
    "overriddenMethods": [
      "Lorg/eclipse/ui/progress/DeferredTreeContentManager.addChildren(Ljava/lang/Object;[Ljava/lang/Object;Lorg/eclipse/core/runtime/IProgressMonitor;)V"
    ]
  }
]