[
  {
    "frequency": 9,
    "overriddenMethods": []
  },
  {
    "frequency": 6,
    "overriddenMethods": [
      "Lorg/eclipse/core/runtime/jobs/Job.shouldSchedule()Z",
      "Lorg/eclipse/ui/progress/UIJob.runInUIThread(Lorg/eclipse/core/runtime/IProgressMonitor;)Lorg/eclipse/core/runtime/IStatus;"
    ]
  },
  {
    "frequency": 1,
    "overriddenMethods": [
      "Lorg/eclipse/ui/progress/UIJob.getDisplay()Lorg/eclipse/swt/widgets/Display;",
      "Lorg/eclipse/ui/progress/UIJob.runInUIThread(Lorg/eclipse/core/runtime/IProgressMonitor;)Lorg/eclipse/core/runtime/IStatus;"
    ]
  },
  {
    "frequency": 2,
    "overriddenMethods": [
      "Lorg/eclipse/core/runtime/jobs/Job.shouldRun()Z",
      "Lorg/eclipse/ui/progress/UIJob.runInUIThread(Lorg/eclipse/core/runtime/IProgressMonitor;)Lorg/eclipse/core/runtime/IStatus;"
    ]
  },
  {
    "frequency": 2,
    "overriddenMethods": [
      "Lorg/eclipse/core/runtime/jobs/Job.canceling()V",
      "Lorg/eclipse/ui/progress/UIJob.runInUIThread(Lorg/eclipse/core/runtime/IProgressMonitor;)Lorg/eclipse/core/runtime/IStatus;"
    ]
  },
  {
    "frequency": 1,
    "overriddenMethods": [
      "Lorg/eclipse/core/runtime/jobs/Job.shouldRun()Z",
      "Lorg/eclipse/core/runtime/jobs/Job.shouldSchedule()Z",
      "Lorg/eclipse/ui/progress/UIJob.runInUIThread(Lorg/eclipse/core/runtime/IProgressMonitor;)Lorg/eclipse/core/runtime/IStatus;"
    ]
  },
  {
    "frequency": 18,
    "overriddenMethods": [
      "Lorg/eclipse/core/runtime/jobs/Job.belongsTo(Ljava/lang/Object;)Z",
      "Lorg/eclipse/ui/progress/UIJob.runInUIThread(Lorg/eclipse/core/runtime/IProgressMonitor;)Lorg/eclipse/core/runtime/IStatus;"
    ]
  },
  {
    "frequency": 381,
    "overriddenMethods": [
      "Lorg/eclipse/ui/progress/UIJob.runInUIThread(Lorg/eclipse/core/runtime/IProgressMonitor;)Lorg/eclipse/core/runtime/IStatus;"
    ]
  }
]