[
  {
    "frequency": 3,
    "overriddenMethods": []
  },
  {
    "frequency": 3,
    "overriddenMethods": [
      "Ljava/lang/Object.toString()Ljava/lang/String;",
      "Lorg/eclipse/ui/NavigationLocation.getText()Ljava/lang/String;"
    ]
  },
  {
    "frequency": 2,
    "overriddenMethods": [
      "Lorg/eclipse/ui/NavigationLocation.getText()Ljava/lang/String;",
      "Lorg/eclipse/ui/NavigationLocation.releaseState()V"
    ]
  },
  {
    "frequency": 1,
    "overriddenMethods": [
      "Lorg/eclipse/ui/NavigationLocation.getText()Ljava/lang/String;"
    ]
  },
  {
    "frequency": 3,
    "overriddenMethods": [
      "Ljava/lang/Object.toString()Ljava/lang/String;",
      "Lorg/eclipse/ui/NavigationLocation.dispose()V",
      "Lorg/eclipse/ui/NavigationLocation.releaseState()V"
    ]
  }
]